mc	mn	quarterbeats	quarterbeats_all_endings	duration_qb	mc_onset	mn_onset	event	timesig	staff	voice	duration	gracenote	tremolo	nominal_duration	scalar	chord_id	tempo	qpm	metronome_base	metronome_number	tempo_visible	slur
1	1	0	0	0.0	0	0	Tempo	2/4	1	1	0						ùÖü=108	108.0	ùÖü	108.0	0.0	
1	1	0	0	0.5	0	0	Chord	2/4	1	1	1/8			1/8	1	0						
1	1	1/2	1/2	0.5	1/8	1/8	Chord	2/4	1	1	1/8			1/8	1	1						
1	1	1	1	0.0	1/4	1/4	Chord	2/4	1	1	0	grace16		1/16	1	2						
1	1	1	1	0.5	1/4	1/4	Chord	2/4	1	1	1/8			1/8	1	3						
1	1	3/2	3/2	0.25	3/8	3/8	Chord	2/4	1	1	1/16			1/16	1	4						
1	1	7/4	7/4	0.25	7/16	7/16	Chord	2/4	1	1	1/16			1/16	1	5						
1	1	0	0	1.0	0	0	Chord	2/4	2	1	1/4			1/4	1	6						
1	1	1	1	1.0	1/4	1/4	Chord	2/4	2	1	1/4			1/4	1	7						
1	1	0	0	2.0	0	0	Chord	2/4	2	2	1/2			1/2	1	8						
2	2	2	2	0.25	0	0	Chord	2/4	1	1	1/16			1/16	1	9						
2	2	9/4	9/4	0.25	1/16	1/16	Chord	2/4	1	1	1/16			1/16	1	10						
2	2	5/2	5/2	0.25	1/8	1/8	Chord	2/4	1	1	1/16			1/16	1	11						
2	2	11/4	11/4	0.25	3/16	3/16	Chord	2/4	1	1	1/16			1/16	1	12						
2	2	3	3	0.5	1/4	1/4	Chord	2/4	1	1	1/8			1/8	1	13						
2	2	7/2	7/2	0.25	3/8	3/8	Chord	2/4	1	1	1/16			1/16	1	14						
2	2	15/4	15/4	0.25	7/16	7/16	Chord	2/4	1	1	1/16			1/16	1	15						
2	2	2	2	1.0	0	0	Chord	2/4	2	1	1/4			1/4	1	16						
2	2	7/2	7/2	0.5	3/8	3/8	Chord	2/4	2	1	1/8			1/8	1	17						
3	3	4	4	0.25	0	0	Chord	2/4	1	1	1/16			1/16	1	18						
3	3	17/4	17/4	0.25	1/16	1/16	Chord	2/4	1	1	1/16			1/16	1	19						
3	3	9/2	9/2	0.25	1/8	1/8	Chord	2/4	1	1	1/16			1/16	1	20						
3	3	19/4	19/4	0.25	3/16	3/16	Chord	2/4	1	1	1/16			1/16	1	21						
3	3	5	5	0.25	1/4	1/4	Chord	2/4	1	1	1/16			1/16	1	22						
3	3	21/4	21/4	0.25	5/16	5/16	Chord	2/4	1	1	1/16			1/16	1	23						
3	3	11/2	11/2	0.25	3/8	3/8	Chord	2/4	1	1	1/16			1/16	1	24						
3	3	23/4	23/4	0.25	7/16	7/16	Chord	2/4	1	1	1/16			1/16	1	25						
3	3	4	4	0.5	0	0	Chord	2/4	2	1	1/8			1/8	1	26						
3	3	9/2	9/2	0.5	1/8	1/8	Chord	2/4	2	1	1/8			1/8	1	27						
3	3	5	5	0.5	1/4	1/4	Chord	2/4	2	1	1/8			1/8	1	28						
3	3	11/2	11/2	0.5	3/8	3/8	Chord	2/4	2	1	1/8			1/8	1	29						
3	3	4	4	2.0	0	0	Chord	2/4	2	2	1/2			1/2	1	30						
4	4	6	6	0.5	0	0	Chord	2/4	1	1	1/8			1/8	1	31						
4	4	13/2	13/2	0.125	1/8	1/8	Chord	2/4	1	1	1/32			1/32	1	32						
4	4	53/8	53/8	0.125	5/32	5/32	Chord	2/4	1	1	1/32			1/32	1	33						
4	4	27/4	27/4	0.125	3/16	3/16	Chord	2/4	1	1	1/32			1/32	1	34						
4	4	55/8	55/8	0.125	7/32	7/32	Chord	2/4	1	1	1/32			1/32	1	35						
4	4	7	7	0.5	1/4	1/4	Chord	2/4	1	1	1/8			1/8	1	36						
4	4	6	6	1.0	0	0	Chord	2/4	2	1	1/4			1/4	1	37						
4	4	7	7	0.5	1/4	1/4	Chord	2/4	2	1	1/8			1/8	1	38						
4	4	6	6	1.5	0	0	Chord	2/4	2	2	3/8			1/4	3/2	39						
5	5	8	8	0.5	0	0	Chord	2/4	1	1	1/8			1/8	1	40						
5	5	17/2	17/2	0.5	1/8	1/8	Chord	2/4	1	1	1/8			1/8	1	41						
5	5	9	9	0.0	1/4	1/4	Chord	2/4	1	1	0	grace16		1/16	1	42						
5	5	9	9	0.5	1/4	1/4	Chord	2/4	1	1	1/8			1/8	1	43						
5	5	19/2	19/2	0.25	3/8	3/8	Chord	2/4	1	1	1/16			1/16	1	44						
5	5	39/4	39/4	0.25	7/16	7/16	Chord	2/4	1	1	1/16			1/16	1	45						
5	5	8	8	1.0	0	0	Chord	2/4	2	1	1/4			1/4	1	46						
5	5	9	9	1.0	1/4	1/4	Chord	2/4	2	1	1/4			1/4	1	47						
5	5	8	8	2.0	0	0	Chord	2/4	2	2	1/2			1/2	1	48						
6	6	10	10	0.25	0	0	Chord	2/4	1	1	1/16			1/16	1	49						
6	6	41/4	41/4	0.25	1/16	1/16	Chord	2/4	1	1	1/16			1/16	1	50						
6	6	21/2	21/2	0.25	1/8	1/8	Chord	2/4	1	1	1/16			1/16	1	51						
6	6	43/4	43/4	0.25	3/16	3/16	Chord	2/4	1	1	1/16			1/16	1	52						
6	6	11	11	0.75	1/4	1/4	Chord	2/4	1	1	3/16			1/8	3/2	53						
6	6	47/4	47/4	0.25	7/16	7/16	Chord	2/4	1	1	1/16			1/16	1	54						
6	6	10	10	1.0	0	0	Chord	2/4	2	1	1/4			1/4	1	55						
6	6	23/2	23/2	0.5	3/8	3/8	Chord	2/4	2	1	1/8			1/8	1	56						
7	7	12	12	0.25	0	0	Chord	2/4	1	1	1/16			1/16	1	57						
7	7	49/4	49/4	0.25	1/16	1/16	Chord	2/4	1	1	1/16			1/16	1	58						
7	7	25/2	25/2	0.25	1/8	1/8	Chord	2/4	1	1	1/16			1/16	1	59						
7	7	51/4	51/4	0.25	3/16	3/16	Chord	2/4	1	1	1/16			1/16	1	60						
7	7	13	13	0.5	1/4	1/4	Chord	2/4	1	1	1/8			1/8	1	61						
7	7	27/2	27/2	0.5	3/8	3/8	Chord	2/4	1	1	1/8			1/8	1	62						
7	7	12	12	1.0	0	0	Chord	2/4	2	1	1/4			1/4	1	63						
7	7	13	13	0.5	1/4	1/4	Chord	2/4	2	1	1/8			1/8	1	64						
7	7	27/2	27/2	0.5	3/8	3/8	Chord	2/4	2	1	1/8			1/8	1	65						
8	8	14	14	1.0	0	0	Chord	2/4	1	1	1/4			1/4	1	66						
8	8	15	15	0.5	1/4	1/4	Chord	2/4	1	1	1/8			1/8	1	67						
8	8	14	14	0.5	0	0	Chord	2/4	2	1	1/8			1/8	1	68						
8	8	29/2	29/2	0.5	1/8	1/8	Chord	2/4	2	1	1/8			1/8	1	69						
8	8	15	15	0.5	1/4	1/4	Chord	2/4	2	1	1/8			1/8	1	70						
9	9	65/4	65/4	0.25	1/16	1/16	Chord	2/4	1	1	1/16			1/16	1	71						
9	9	33/2	33/2	0.25	1/8	1/8	Chord	2/4	1	1	1/16			1/16	1	72						
9	9	67/4	67/4	0.25	3/16	3/16	Chord	2/4	1	1	1/16			1/16	1	73						
9	9	17	17	0.25	1/4	1/4	Chord	2/4	1	1	1/16			1/16	1	74						
9	9	69/4	69/4	0.25	5/16	5/16	Chord	2/4	1	1	1/16			1/16	1	75						
9	9	35/2	35/2	0.25	3/8	3/8	Chord	2/4	1	1	1/16			1/16	1	76						
9	9	71/4	71/4	0.25	7/16	7/16	Chord	2/4	1	1	1/16			1/16	1	77						
9	9	16	16	1.5	0	0	Chord	2/4	2	1	3/8			1/4	3/2	78						
9	9	35/2	35/2	0.5	3/8	3/8	Chord	2/4	2	1	1/8			1/8	1	79						
10	10	18	18	0.25	0	0	Chord	2/4	1	1	1/16			1/16	1	80						
10	10	73/4	73/4	0.25	1/16	1/16	Chord	2/4	1	1	1/16			1/16	1	81						
10	10	37/2	37/2	0.25	1/8	1/8	Chord	2/4	1	1	1/16			1/16	1	82						
10	10	75/4	75/4	0.25	3/16	3/16	Chord	2/4	1	1	1/16			1/16	1	83						
10	10	19	19	0.25	1/4	1/4	Chord	2/4	1	1	1/16			1/16	1	84						
10	10	77/4	77/4	0.25	5/16	5/16	Chord	2/4	1	1	1/16			1/16	1	85						
10	10	39/2	39/2	0.25	3/8	3/8	Chord	2/4	1	1	1/16			1/16	1	86						
10	10	79/4	79/4	0.25	7/16	7/16	Chord	2/4	1	1	1/16			1/16	1	87						
10	10	18	18	0.5	0	0	Chord	2/4	2	1	1/8			1/8	1	88						
10	10	37/2	37/2	0.5	1/8	1/8	Chord	2/4	2	1	1/8			1/8	1	89						
10	10	19	19	0.5	1/4	1/4	Chord	2/4	2	1	1/8			1/8	1	90						
10	10	39/2	39/2	0.5	3/8	3/8	Chord	2/4	2	1	1/8			1/8	1	91						
10	10	18	18	0.5	0	0	Chord	2/4	2	2	1/8			1/8	1	92						
10	10	37/2	37/2	0.5	1/8	1/8	Chord	2/4	2	2	1/8			1/8	1	93						
10	10	19	19	0.5	1/4	1/4	Chord	2/4	2	2	1/8			1/8	1	94						
10	10	39/2	39/2	0.5	3/8	3/8	Chord	2/4	2	2	1/8			1/8	1	95						
11	11	81/4	81/4	0.25	1/16	1/16	Chord	2/4	1	1	1/16			1/16	1	96						
11	11	41/2	41/2	0.25	1/8	1/8	Chord	2/4	1	1	1/16			1/16	1	97						
11	11	83/4	83/4	0.25	3/16	3/16	Chord	2/4	1	1	1/16			1/16	1	98						
11	11	21	21	0.25	1/4	1/4	Chord	2/4	1	1	1/16			1/16	1	99						
11	11	85/4	85/4	0.25	5/16	5/16	Chord	2/4	1	1	1/16			1/16	1	100						
11	11	43/2	43/2	0.25	3/8	3/8	Chord	2/4	1	1	1/16			1/16	1	101						
11	11	87/4	87/4	0.25	7/16	7/16	Chord	2/4	1	1	1/16			1/16	1	102						
11	11	20	20	1.5	0	0	Chord	2/4	2	1	3/8			1/4	3/2	103						
11	11	43/2	43/2	0.5	3/8	3/8	Chord	2/4	2	1	1/8			1/8	1	104						
12	12	22	22	0.25	0	0	Chord	2/4	1	1	1/16			1/16	1	105						
12	12	89/4	89/4	0.25	1/16	1/16	Chord	2/4	1	1	1/16			1/16	1	106						
12	12	45/2	45/2	0.25	1/8	1/8	Chord	2/4	1	1	1/16			1/16	1	107						
12	12	91/4	91/4	0.25	3/16	3/16	Chord	2/4	1	1	1/16			1/16	1	108						
12	12	23	23	0.25	1/4	1/4	Chord	2/4	1	1	1/16			1/16	1	109						
12	12	93/4	93/4	0.25	5/16	5/16	Chord	2/4	1	1	1/16			1/16	1	110						
12	12	47/2	47/2	0.25	3/8	3/8	Chord	2/4	1	1	1/16			1/16	1	111						
12	12	95/4	95/4	0.25	7/16	7/16	Chord	2/4	1	1	1/16			1/16	1	112						
12	12	22	22	0.5	0	0	Chord	2/4	2	1	1/8			1/8	1	113						
12	12	45/2	45/2	0.5	1/8	1/8	Chord	2/4	2	1	1/8			1/8	1	114						
12	12	23	23	0.5	1/4	1/4	Chord	2/4	2	1	1/8			1/8	1	115						
12	12	47/2	47/2	0.5	3/8	3/8	Chord	2/4	2	1	1/8			1/8	1	116						
12	12	22	22	0.5	0	0	Chord	2/4	2	2	1/8			1/8	1	117						
12	12	45/2	45/2	0.5	1/8	1/8	Chord	2/4	2	2	1/8			1/8	1	118						
12	12	23	23	0.5	1/4	1/4	Chord	2/4	2	2	1/8			1/8	1	119						
12	12	47/2	47/2	0.5	3/8	3/8	Chord	2/4	2	2	1/8			1/8	1	120						
13	13	97/4	97/4	0.25	1/16	1/16	Chord	2/4	1	1	1/16			1/16	1	121						
13	13	49/2	49/2	0.25	1/8	1/8	Chord	2/4	1	1	1/16			1/16	1	122						
13	13	99/4	99/4	0.25	3/16	3/16	Chord	2/4	1	1	1/16			1/16	1	123						
13	13	25	25	0.25	1/4	1/4	Chord	2/4	1	1	1/16			1/16	1	124						
13	13	101/4	101/4	0.25	5/16	5/16	Chord	2/4	1	1	1/16			1/16	1	125						
13	13	51/2	51/2	0.25	3/8	3/8	Chord	2/4	1	1	1/16			1/16	1	126						
13	13	103/4	103/4	0.25	7/16	7/16	Chord	2/4	1	1	1/16			1/16	1	127						
13	13	24	24	1.0	0	0	Chord	2/4	2	1	1/4			1/4	1	128						
13	13	25	25	1.0	1/4	1/4	Chord	2/4	2	1	1/4			1/4	1	129						
14	14	26	26	0.25	0	0	Chord	2/4	1	1	1/16			1/16	1	130						
14	14	105/4	105/4	0.25	1/16	1/16	Chord	2/4	1	1	1/16			1/16	1	131						
14	14	53/2	53/2	0.25	1/8	1/8	Chord	2/4	1	1	1/16			1/16	1	132						
14	14	107/4	107/4	0.25	3/16	3/16	Chord	2/4	1	1	1/16			1/16	1	133						
14	14	27	27	0.25	1/4	1/4	Chord	2/4	1	1	1/16			1/16	1	134						
14	14	109/4	109/4	0.25	5/16	5/16	Chord	2/4	1	1	1/16			1/16	1	135						
14	14	55/2	55/2	0.25	3/8	3/8	Chord	2/4	1	1	1/16			1/16	1	136						
14	14	111/4	111/4	0.25	7/16	7/16	Chord	2/4	1	1	1/16			1/16	1	137						
14	14	26	26	1.0	0	0	Chord	2/4	2	1	1/4			1/4	1	138						
14	14	27	27	1.0	1/4	1/4	Chord	2/4	2	1	1/4			1/4	1	139						
15	15	28	28	0.25	0	0	Chord	2/4	1	1	1/16			1/16	1	140						
15	15	113/4	113/4	0.25	1/16	1/16	Chord	2/4	1	1	1/16			1/16	1	141						
15	15	57/2	57/2	0.25	1/8	1/8	Chord	2/4	1	1	1/16			1/16	1	142						
15	15	115/4	115/4	0.25	3/16	3/16	Chord	2/4	1	1	1/16			1/16	1	143						
15	15	29	29	0.25	1/4	1/4	Chord	2/4	1	1	1/16			1/16	1	144						
15	15	117/4	117/4	0.25	5/16	5/16	Chord	2/4	1	1	1/16			1/16	1	145						
15	15	59/2	59/2	0.25	3/8	3/8	Chord	2/4	1	1	1/16			1/16	1	146						
15	15	119/4	119/4	0.25	7/16	7/16	Chord	2/4	1	1	1/16			1/16	1	147						
15	15	28	28	1.0	0	0	Chord	2/4	2	1	1/4			1/4	1	148						
15	15	59/2	59/2	0.5	3/8	3/8	Chord	2/4	2	1	1/8			1/8	1	149						
16	16	30	30	0.75	0	0	Chord	2/4	1	1	3/16			1/8	3/2	150						
16	16	123/4	123/4	0.125	3/16	3/16	Chord	2/4	1	1	1/32			1/32	1	151						
16	16	247/8	247/8	0.125	7/32	7/32	Chord	2/4	1	1	1/32			1/32	1	152						
16	16	31	31	0.5	1/4	1/4	Chord	2/4	1	1	1/8			1/8	1	153						
16	16	63/2	63/2	0.5	3/8	3/8	Chord	2/4	1	1	1/8			1/8	1	154						
16	16	30	30	1.0	0	0	Chord	2/4	2	1	1/4			1/4	1	155						
16	16	31	31	0.5	1/4	1/4	Chord	2/4	2	1	1/8			1/8	1	156						
16	16	30	30	1.5	0	0	Chord	2/4	2	2	3/8			1/4	3/2	157						
17	17	32	32	0.5	0	0	Chord	2/4	1	1	1/8			1/8	1	158						
17	17	65/2	65/2	0.5	1/8	1/8	Chord	2/4	1	1	1/8			1/8	1	159						
17	17	33	33	0.0	1/4	1/4	Chord	2/4	1	1	0	grace16		1/16	1	160						
17	17	33	33	0.5	1/4	1/4	Chord	2/4	1	1	1/8			1/8	1	161						
17	17	67/2	67/2	0.25	3/8	3/8	Chord	2/4	1	1	1/16			1/16	1	162						
17	17	135/4	135/4	0.25	7/16	7/16	Chord	2/4	1	1	1/16			1/16	1	163						
17	17	32	32	1.0	0	0	Chord	2/4	2	1	1/4			1/4	1	164						
17	17	33	33	1.0	1/4	1/4	Chord	2/4	2	1	1/4			1/4	1	165						
17	17	32	32	2.0	0	0	Chord	2/4	2	2	1/2			1/2	1	166						
18	18	34	34	0.25	0	0	Chord	2/4	1	1	1/16			1/16	1	167						
18	18	137/4	137/4	0.25	1/16	1/16	Chord	2/4	1	1	1/16			1/16	1	168						
18	18	69/2	69/2	0.25	1/8	1/8	Chord	2/4	1	1	1/16			1/16	1	169						
18	18	139/4	139/4	0.25	3/16	3/16	Chord	2/4	1	1	1/16			1/16	1	170						
18	18	35	35	0.5	1/4	1/4	Chord	2/4	1	1	1/8			1/8	1	171						
18	18	71/2	71/2	0.25	3/8	3/8	Chord	2/4	1	1	1/16			1/16	1	172						
18	18	143/4	143/4	0.25	7/16	7/16	Chord	2/4	1	1	1/16			1/16	1	173						
18	18	34	34	1.0	0	0	Chord	2/4	2	1	1/4			1/4	1	174						
18	18	71/2	71/2	0.5	3/8	3/8	Chord	2/4	2	1	1/8			1/8	1	175						
19	19	36	36	0.25	0	0	Chord	2/4	1	1	1/16			1/16	1	176						
19	19	145/4	145/4	0.25	1/16	1/16	Chord	2/4	1	1	1/16			1/16	1	177						
19	19	73/2	73/2	0.25	1/8	1/8	Chord	2/4	1	1	1/16			1/16	1	178						
19	19	147/4	147/4	0.25	3/16	3/16	Chord	2/4	1	1	1/16			1/16	1	179						
19	19	37	37	0.25	1/4	1/4	Chord	2/4	1	1	1/16			1/16	1	180						
19	19	149/4	149/4	0.25	5/16	5/16	Chord	2/4	1	1	1/16			1/16	1	181						
19	19	75/2	75/2	0.25	3/8	3/8	Chord	2/4	1	1	1/16			1/16	1	182						
19	19	151/4	151/4	0.25	7/16	7/16	Chord	2/4	1	1	1/16			1/16	1	183						
19	19	36	36	0.5	0	0	Chord	2/4	2	1	1/8			1/8	1	184						
19	19	73/2	73/2	0.5	1/8	1/8	Chord	2/4	2	1	1/8			1/8	1	185						
19	19	37	37	0.5	1/4	1/4	Chord	2/4	2	1	1/8			1/8	1	186						
19	19	75/2	75/2	0.5	3/8	3/8	Chord	2/4	2	1	1/8			1/8	1	187						
19	19	36	36	2.0	0	0	Chord	2/4	2	2	1/2			1/2	1	188						
20	20	38	38	0.5	0	0	Chord	2/4	1	1	1/8			1/8	1	189						
20	20	77/2	77/2	0.125	1/8	1/8	Chord	2/4	1	1	1/32			1/32	1	190						
20	20	309/8	309/8	0.125	5/32	5/32	Chord	2/4	1	1	1/32			1/32	1	191						
20	20	155/4	155/4	0.125	3/16	3/16	Chord	2/4	1	1	1/32			1/32	1	192						
20	20	311/8	311/8	0.125	7/32	7/32	Chord	2/4	1	1	1/32			1/32	1	193						
20	20	39	39	0.5	1/4	1/4	Chord	2/4	1	1	1/8			1/8	1	194						
20	20	38	38	1.0	0	0	Chord	2/4	2	1	1/4			1/4	1	195						
20	20	39	39	0.5	1/4	1/4	Chord	2/4	2	1	1/8			1/8	1	196						
20	20	38	38	1.5	0	0	Chord	2/4	2	2	3/8			1/4	3/2	197						
21	21	40	40	0.5	0	0	Chord	2/4	1	1	1/8			1/8	1	198						
21	21	81/2	81/2	0.5	1/8	1/8	Chord	2/4	1	1	1/8			1/8	1	199						
21	21	41	41	0.0	1/4	1/4	Chord	2/4	1	1	0	grace16		1/16	1	200						
21	21	41	41	0.5	1/4	1/4	Chord	2/4	1	1	1/8			1/8	1	201						
21	21	83/2	83/2	0.25	3/8	3/8	Chord	2/4	1	1	1/16			1/16	1	202						
21	21	167/4	167/4	0.25	7/16	7/16	Chord	2/4	1	1	1/16			1/16	1	203						
21	21	40	40	1.0	0	0	Chord	2/4	2	1	1/4			1/4	1	204						
21	21	41	41	1.0	1/4	1/4	Chord	2/4	2	1	1/4			1/4	1	205						
21	21	40	40	2.0	0	0	Chord	2/4	2	2	1/2			1/2	1	206						
22	22	42	42	0.25	0	0	Chord	2/4	1	1	1/16			1/16	1	207						
22	22	169/4	169/4	0.25	1/16	1/16	Chord	2/4	1	1	1/16			1/16	1	208						
22	22	85/2	85/2	0.25	1/8	1/8	Chord	2/4	1	1	1/16			1/16	1	209						
22	22	171/4	171/4	0.25	3/16	3/16	Chord	2/4	1	1	1/16			1/16	1	210						
22	22	43	43	0.75	1/4	1/4	Chord	2/4	1	1	3/16			1/8	3/2	211						
22	22	175/4	175/4	0.25	7/16	7/16	Chord	2/4	1	1	1/16			1/16	1	212						
22	22	42	42	1.0	0	0	Chord	2/4	2	1	1/4			1/4	1	213						
22	22	87/2	87/2	0.5	3/8	3/8	Chord	2/4	2	1	1/8			1/8	1	214						
23	23	44	44	0.25	0	0	Chord	2/4	1	1	1/16			1/16	1	215						
23	23	177/4	177/4	0.25	1/16	1/16	Chord	2/4	1	1	1/16			1/16	1	216						
23	23	89/2	89/2	0.25	1/8	1/8	Chord	2/4	1	1	1/16			1/16	1	217						
23	23	179/4	179/4	0.25	3/16	3/16	Chord	2/4	1	1	1/16			1/16	1	218						
23	23	45	45	0.5	1/4	1/4	Chord	2/4	1	1	1/8			1/8	1	219						
23	23	91/2	91/2	0.5	3/8	3/8	Chord	2/4	1	1	1/8			1/8	1	220						
23	23	44	44	1.0	0	0	Chord	2/4	2	1	1/4			1/4	1	221						
23	23	45	45	0.5	1/4	1/4	Chord	2/4	2	1	1/8			1/8	1	222						
23	23	91/2	91/2	0.5	3/8	3/8	Chord	2/4	2	1	1/8			1/8	1	223						
24	24	46	46	1.0	0	0	Chord	2/4	1	1	1/4			1/4	1	224						0
24	24	47	47	0.5	1/4	1/4	Chord	2/4	1	1	1/8			1/8	1	225						
24	24	95/2	95/2	0.5	3/8	3/8	Chord	2/4	1	1	1/8			1/8	1	226						
24	24	46	46	0.5	0	0	Chord	2/4	2	1	1/8			1/8	1	227						
24	24	93/2	93/2	0.5	1/8	1/8	Chord	2/4	2	1	1/8			1/8	1	228						
24	24	47	47	0.5	1/4	1/4	Chord	2/4	2	1	1/8			1/8	1	229						
25	25	48	48	0.5	0	0	Chord	2/4	1	1	1/8			1/8	1	230						1
25	25	97/2	97/2	0.5	1/8	1/8	Chord	2/4	1	1	1/8			1/8	1	231						1
25	25	49	49	0.5	1/4	1/4	Chord	2/4	1	1	1/8			1/8	1	232						1
25	25	99/2	99/2	0.5	3/8	3/8	Chord	2/4	1	1	1/8			1/8	1	233						
25	25	97/2	97/2	0.5	1/8	1/8	Chord	2/4	2	1	1/8			1/8	1	234						
25	25	49	49	0.5	1/4	1/4	Chord	2/4	2	1	1/8			1/8	1	235						
25	25	99/2	99/2	0.5	3/8	3/8	Chord	2/4	2	1	1/8			1/8	1	236						
26	26	50	50	0.5	0	0	Chord	2/4	1	1	1/8			1/8	1	237						
26	26	101/2	101/2	0.5	1/8	1/8	Chord	2/4	1	1	1/8			1/8	1	238						
26	26	51	51	0.5	1/4	1/4	Chord	2/4	1	1	1/8			1/8	1	239						
26	26	103/2	103/2	0.25	3/8	3/8	Chord	2/4	1	1	1/16			1/16	1	240						2
26	26	207/4	207/4	0.25	7/16	7/16	Chord	2/4	1	1	1/16			1/16	1	241						
26	26	50	50	0.5	0	0	Chord	2/4	2	1	1/8			1/8	1	242						
26	26	101/2	101/2	0.5	1/8	1/8	Chord	2/4	2	1	1/8			1/8	1	243						
26	26	51	51	0.5	1/4	1/4	Chord	2/4	2	1	1/8			1/8	1	244						
27	27	52	52	0.25	0	0	Chord	2/4	1	1	1/16			1/16	1	245						
27	27	209/4	209/4	0.25	1/16	1/16	Chord	2/4	1	1	1/16			1/16	1	246						
27	27	105/2	105/2	0.25	1/8	1/8	Chord	2/4	1	1	1/16			1/16	1	247						
27	27	211/4	211/4	0.25	3/16	3/16	Chord	2/4	1	1	1/16			1/16	1	248						
27	27	53	53	0.25	1/4	1/4	Chord	2/4	1	1	1/16			1/16	1	249						
27	27	213/4	213/4	0.25	5/16	5/16	Chord	2/4	1	1	1/16			1/16	1	250						
27	27	107/2	107/2	0.25	3/8	3/8	Chord	2/4	1	1	1/16			1/16	1	251						
27	27	215/4	215/4	0.25	7/16	7/16	Chord	2/4	1	1	1/16			1/16	1	252						
27	27	107/2	107/2	0.5	3/8	3/8	Chord	2/4	2	1	1/8			1/8	1	253						
28	28	54	54	1.0	0	0	Chord	2/4	1	1	1/4			1/4	1	254						
28	28	55	55	0.5	1/4	1/4	Chord	2/4	1	1	1/8			1/8	1	255						
28	28	111/2	111/2	0.5	3/8	3/8	Chord	2/4	1	1	1/8			1/8	1	256						
28	28	54	54	1.0	0	0	Chord	2/4	2	1	1/4			1/4	1	257						
28	28	55	55	0.5	1/4	1/4	Chord	2/4	2	1	1/8			1/8	1	258						
28	28	54	54	1.5	0	0	Chord	2/4	2	2	3/8			1/4	3/2	259						
29	29	56	56	1.0	0	0	Chord	2/4	1	1	1/4			1/4	1	260						
29	29	57	57	0.5	1/4	1/4	Chord	2/4	1	1	1/8			1/8	1	261						
29	29	115/2	115/2	0.5	3/8	3/8	Chord	2/4	1	1	1/8			1/8	1	262						
29	29	56	56	0.25	0	0	Chord	2/4	2	1	1/16			1/16	1	263						
29	29	225/4	225/4	0.25	1/16	1/16	Chord	2/4	2	1	1/16			1/16	1	264						
29	29	113/2	113/2	0.25	1/8	1/8	Chord	2/4	2	1	1/16			1/16	1	265						
29	29	227/4	227/4	0.25	3/16	3/16	Chord	2/4	2	1	1/16			1/16	1	266						
29	29	57	57	0.25	1/4	1/4	Chord	2/4	2	1	1/16			1/16	1	267						
29	29	229/4	229/4	0.25	5/16	5/16	Chord	2/4	2	1	1/16			1/16	1	268						
29	29	115/2	115/2	0.25	3/8	3/8	Chord	2/4	2	1	1/16			1/16	1	269						
29	29	231/4	231/4	0.25	7/16	7/16	Chord	2/4	2	1	1/16			1/16	1	270						
30	30	58	58	1.0	0	0	Chord	2/4	1	1	1/4			1/4	1	271						
30	30	59	59	0.5	1/4	1/4	Chord	2/4	1	1	1/8			1/8	1	272						
30	30	119/2	119/2	0.5	3/8	3/8	Chord	2/4	1	1	1/8			1/8	1	273						
30	30	58	58	0.25	0	0	Chord	2/4	2	1	1/16			1/16	1	274						
30	30	233/4	233/4	0.25	1/16	1/16	Chord	2/4	2	1	1/16			1/16	1	275						
30	30	117/2	117/2	0.25	1/8	1/8	Chord	2/4	2	1	1/16			1/16	1	276						
30	30	235/4	235/4	0.25	3/16	3/16	Chord	2/4	2	1	1/16			1/16	1	277						
30	30	59	59	0.25	1/4	1/4	Chord	2/4	2	1	1/16			1/16	1	278						
30	30	237/4	237/4	0.25	5/16	5/16	Chord	2/4	2	1	1/16			1/16	1	279						
30	30	119/2	119/2	0.25	3/8	3/8	Chord	2/4	2	1	1/16			1/16	1	280						
30	30	239/4	239/4	0.25	7/16	7/16	Chord	2/4	2	1	1/16			1/16	1	281						
31	31	60	60	0.5	0	0	Chord	2/4	1	1	1/8			1/8	1	282						
31	31	121/2	121/2	0.5	1/8	1/8	Chord	2/4	1	1	1/8			1/8	1	283						
31	31	61	61	0.5	1/4	1/4	Chord	2/4	1	1	1/8			1/8	1	284						
31	31	123/2	123/2	0.5	3/8	3/8	Chord	2/4	1	1	1/8			1/8	1	285						
31	31	60	60	0.25	0	0	Chord	2/4	2	1	1/16			1/16	1	286						
31	31	241/4	241/4	0.25	1/16	1/16	Chord	2/4	2	1	1/16			1/16	1	287						
31	31	121/2	121/2	0.25	1/8	1/8	Chord	2/4	2	1	1/16			1/16	1	288						
31	31	243/4	243/4	0.25	3/16	3/16	Chord	2/4	2	1	1/16			1/16	1	289						
31	31	61	61	0.25	1/4	1/4	Chord	2/4	2	1	1/16			1/16	1	290						
31	31	245/4	245/4	0.25	5/16	5/16	Chord	2/4	2	1	1/16			1/16	1	291						
31	31	123/2	123/2	0.25	3/8	3/8	Chord	2/4	2	1	1/16			1/16	1	292						
31	31	247/4	247/4	0.25	7/16	7/16	Chord	2/4	2	1	1/16			1/16	1	293						
32	32	62	62	1.0	0	0	Chord	2/4	1	1	1/4			1/4	1	294						
32	32	63	63	0.5	1/4	1/4	Chord	2/4	1	1	1/8			1/8	1	295						
32	32	127/2	127/2	0.5	3/8	3/8	Chord	2/4	1	1	1/8			1/8	1	296						
32	32	62	62	0.25	0	0	Chord	2/4	2	1	1/16			1/16	1	297						
32	32	249/4	249/4	0.25	1/16	1/16	Chord	2/4	2	1	1/16			1/16	1	298						
32	32	125/2	125/2	0.25	1/8	1/8	Chord	2/4	2	1	1/16			1/16	1	299						
32	32	251/4	251/4	0.25	3/16	3/16	Chord	2/4	2	1	1/16			1/16	1	300						
32	32	63	63	0.5	1/4	1/4	Chord	2/4	2	1	1/8			1/8	1	301						
33	33	64	64	0.5	0	0	Chord	2/4	1	1	1/8			1/8	1	302						
33	33	129/2	129/2	0.5	1/8	1/8	Chord	2/4	1	1	1/8			1/8	1	303						
33	33	65	65	0.0	1/4	1/4	Chord	2/4	1	1	0	grace16		1/16	1	304						
33	33	65	65	0.5	1/4	1/4	Chord	2/4	1	1	1/8			1/8	1	305						
33	33	131/2	131/2	0.25	3/8	3/8	Chord	2/4	1	1	1/16			1/16	1	306						
33	33	263/4	263/4	0.25	7/16	7/16	Chord	2/4	1	1	1/16			1/16	1	307						
33	33	64	64	1.0	0	0	Chord	2/4	2	1	1/4			1/4	1	308						
33	33	65	65	1.0	1/4	1/4	Chord	2/4	2	1	1/4			1/4	1	309						
33	33	64	64	2.0	0	0	Chord	2/4	2	2	1/2			1/2	1	310						
34	34	66	66	0.25	0	0	Chord	2/4	1	1	1/16			1/16	1	311						
34	34	265/4	265/4	0.25	1/16	1/16	Chord	2/4	1	1	1/16			1/16	1	312						
34	34	133/2	133/2	0.25	1/8	1/8	Chord	2/4	1	1	1/16			1/16	1	313						
34	34	267/4	267/4	0.25	3/16	3/16	Chord	2/4	1	1	1/16			1/16	1	314						
34	34	67	67	0.5	1/4	1/4	Chord	2/4	1	1	1/8			1/8	1	315						
34	34	135/2	135/2	0.25	3/8	3/8	Chord	2/4	1	1	1/16			1/16	1	316						
34	34	271/4	271/4	0.25	7/16	7/16	Chord	2/4	1	1	1/16			1/16	1	317						
34	34	66	66	1.0	0	0	Chord	2/4	2	1	1/4			1/4	1	318						
34	34	135/2	135/2	0.5	3/8	3/8	Chord	2/4	2	1	1/8			1/8	1	319						
35	35	68	68	0.25	0	0	Chord	2/4	1	1	1/16			1/16	1	320						
35	35	273/4	273/4	0.25	1/16	1/16	Chord	2/4	1	1	1/16			1/16	1	321						
35	35	137/2	137/2	0.25	1/8	1/8	Chord	2/4	1	1	1/16			1/16	1	322						
35	35	275/4	275/4	0.25	3/16	3/16	Chord	2/4	1	1	1/16			1/16	1	323						
35	35	69	69	0.25	1/4	1/4	Chord	2/4	1	1	1/16			1/16	1	324						
35	35	277/4	277/4	0.25	5/16	5/16	Chord	2/4	1	1	1/16			1/16	1	325						
35	35	139/2	139/2	0.25	3/8	3/8	Chord	2/4	1	1	1/16			1/16	1	326						
35	35	279/4	279/4	0.25	7/16	7/16	Chord	2/4	1	1	1/16			1/16	1	327						
35	35	68	68	0.5	0	0	Chord	2/4	2	1	1/8			1/8	1	328						
35	35	137/2	137/2	0.5	1/8	1/8	Chord	2/4	2	1	1/8			1/8	1	329						
35	35	69	69	0.5	1/4	1/4	Chord	2/4	2	1	1/8			1/8	1	330						
35	35	139/2	139/2	0.5	3/8	3/8	Chord	2/4	2	1	1/8			1/8	1	331						
35	35	68	68	2.0	0	0	Chord	2/4	2	2	1/2			1/2	1	332						
36	36	70	70	0.5	0	0	Chord	2/4	1	1	1/8			1/8	1	333						
36	36	141/2	141/2	0.125	1/8	1/8	Chord	2/4	1	1	1/32			1/32	1	334						
36	36	565/8	565/8	0.125	5/32	5/32	Chord	2/4	1	1	1/32			1/32	1	335						
36	36	283/4	283/4	0.125	3/16	3/16	Chord	2/4	1	1	1/32			1/32	1	336						
36	36	567/8	567/8	0.125	7/32	7/32	Chord	2/4	1	1	1/32			1/32	1	337						
36	36	71	71	0.5	1/4	1/4	Chord	2/4	1	1	1/8			1/8	1	338						
36	36	70	70	1.0	0	0	Chord	2/4	2	1	1/4			1/4	1	339						
36	36	71	71	0.5	1/4	1/4	Chord	2/4	2	1	1/8			1/8	1	340						
36	36	70	70	1.5	0	0	Chord	2/4	2	2	3/8			1/4	3/2	341						
37	37	72	72	0.5	0	0	Chord	2/4	1	1	1/8			1/8	1	342						
37	37	145/2	145/2	0.5	1/8	1/8	Chord	2/4	1	1	1/8			1/8	1	343						
37	37	73	73	0.0	1/4	1/4	Chord	2/4	1	1	0	grace16		1/16	1	344						
37	37	73	73	0.5	1/4	1/4	Chord	2/4	1	1	1/8			1/8	1	345						
37	37	147/2	147/2	0.25	3/8	3/8	Chord	2/4	1	1	1/16			1/16	1	346						
37	37	295/4	295/4	0.25	7/16	7/16	Chord	2/4	1	1	1/16			1/16	1	347						
37	37	72	72	1.0	0	0	Chord	2/4	2	1	1/4			1/4	1	348						
37	37	73	73	1.0	1/4	1/4	Chord	2/4	2	1	1/4			1/4	1	349						
37	37	72	72	2.0	0	0	Chord	2/4	2	2	1/2			1/2	1	350						
38	38	74	74	0.25	0	0	Chord	2/4	1	1	1/16			1/16	1	351						
38	38	297/4	297/4	0.25	1/16	1/16	Chord	2/4	1	1	1/16			1/16	1	352						
38	38	149/2	149/2	0.25	1/8	1/8	Chord	2/4	1	1	1/16			1/16	1	353						
38	38	299/4	299/4	0.25	3/16	3/16	Chord	2/4	1	1	1/16			1/16	1	354						
38	38	75	75	0.75	1/4	1/4	Chord	2/4	1	1	3/16			1/8	3/2	355						
38	38	303/4	303/4	0.25	7/16	7/16	Chord	2/4	1	1	1/16			1/16	1	356						
38	38	74	74	1.0	0	0	Chord	2/4	2	1	1/4			1/4	1	357						
38	38	151/2	151/2	0.5	3/8	3/8	Chord	2/4	2	1	1/8			1/8	1	358						
39	39	76	76	0.25	0	0	Chord	2/4	1	1	1/16			1/16	1	359						
39	39	305/4	305/4	0.25	1/16	1/16	Chord	2/4	1	1	1/16			1/16	1	360						
39	39	153/2	153/2	0.25	1/8	1/8	Chord	2/4	1	1	1/16			1/16	1	361						
39	39	307/4	307/4	0.25	3/16	3/16	Chord	2/4	1	1	1/16			1/16	1	362						
39	39	77	77	0.5	1/4	1/4	Chord	2/4	1	1	1/8			1/8	1	363						
39	39	155/2	155/2	0.5	3/8	3/8	Chord	2/4	1	1	1/8			1/8	1	364						
39	39	76	76	1.0	0	0	Chord	2/4	2	1	1/4			1/4	1	365						
39	39	77	77	0.5	1/4	1/4	Chord	2/4	2	1	1/8			1/8	1	366						
39	39	155/2	155/2	0.5	3/8	3/8	Chord	2/4	2	1	1/8			1/8	1	367						
40	40	78	78	1.0	0	0	Chord	2/4	1	1	1/4			1/4	1	368						
40	40	79	79	0.5	1/4	1/4	Chord	2/4	1	1	1/8			1/8	1	369						
40	40	78	78	0.5	0	0	Chord	2/4	2	1	1/8			1/8	1	370						
40	40	157/2	157/2	0.5	1/8	1/8	Chord	2/4	2	1	1/8			1/8	1	371						
40	40	79	79	0.5	1/4	1/4	Chord	2/4	2	1	1/8			1/8	1	372						
41	41	80	80	1.0	0	0	Chord	2/4	1	1	1/4			1/4	1	373						
41	41	325/4	325/4	0.25	5/16	5/16	Chord	2/4	1	1	1/16			1/16	1	374						
41	41	163/2	163/2	0.25	3/8	3/8	Chord	2/4	1	1	1/16			1/16	1	375						
41	41	327/4	327/4	0.25	7/16	7/16	Chord	2/4	1	1	1/16			1/16	1	376						
41	41	321/4	321/4	0.25	1/16	1/16	Chord	2/4	2	1	1/16			1/16	1	377						
41	41	161/2	161/2	0.25	1/8	1/8	Chord	2/4	2	1	1/16			1/16	1	378						
41	41	323/4	323/4	0.25	3/16	3/16	Chord	2/4	2	1	1/16			1/16	1	379						
41	41	81	81	0.5	1/4	1/4	Chord	2/4	2	1	1/8			1/8	1	380						
42	42	82	82	0.25	0	0	Chord	2/4	1	1	1/16			1/16	1	381						
42	42	329/4	329/4	0.25	1/16	1/16	Chord	2/4	1	1	1/16			1/16	1	382						
42	42	165/2	165/2	0.25	1/8	1/8	Chord	2/4	1	1	1/16			1/16	1	383						
42	42	331/4	331/4	0.25	3/16	3/16	Chord	2/4	1	1	1/16			1/16	1	384						
42	42	83	83	0.25	1/4	1/4	Chord	2/4	1	1	1/16			1/16	1	385						
42	42	333/4	333/4	0.25	5/16	5/16	Chord	2/4	1	1	1/16			1/16	1	386						
42	42	167/2	167/2	0.25	3/8	3/8	Chord	2/4	1	1	1/16			1/16	1	387						
42	42	335/4	335/4	0.25	7/16	7/16	Chord	2/4	1	1	1/16			1/16	1	388						
42	42	83	83	1.0	1/4	1/4	Chord	2/4	2	1	1/4			1/4	1	389						
43	43	84	84	1.0	0	0	Chord	2/4	1	1	1/4			1/4	1	390						
43	43	341/4	341/4	0.25	5/16	5/16	Chord	2/4	1	1	1/16			1/16	1	391						
43	43	171/2	171/2	0.25	3/8	3/8	Chord	2/4	1	1	1/16			1/16	1	392						
43	43	343/4	343/4	0.25	7/16	7/16	Chord	2/4	1	1	1/16			1/16	1	393						
43	43	337/4	337/4	0.25	1/16	1/16	Chord	2/4	2	1	1/16			1/16	1	394						
43	43	169/2	169/2	0.25	1/8	1/8	Chord	2/4	2	1	1/16			1/16	1	395						
43	43	339/4	339/4	0.25	3/16	3/16	Chord	2/4	2	1	1/16			1/16	1	396						
43	43	85	85	0.5	1/4	1/4	Chord	2/4	2	1	1/8			1/8	1	397						
44	44	86	86	0.25	0	0	Chord	2/4	1	1	1/16			1/16	1	398						
44	44	345/4	345/4	0.25	1/16	1/16	Chord	2/4	1	1	1/16			1/16	1	399						
44	44	173/2	173/2	0.25	1/8	1/8	Chord	2/4	1	1	1/16			1/16	1	400						
44	44	347/4	347/4	0.25	3/16	3/16	Chord	2/4	1	1	1/16			1/16	1	401						
44	44	87	87	0.25	1/4	1/4	Chord	2/4	1	1	1/16			1/16	1	402						
44	44	349/4	349/4	0.25	5/16	5/16	Chord	2/4	1	1	1/16			1/16	1	403						
44	44	175/2	175/2	0.25	3/8	3/8	Chord	2/4	1	1	1/16			1/16	1	404						
44	44	351/4	351/4	0.25	7/16	7/16	Chord	2/4	1	1	1/16			1/16	1	405						
44	44	87	87	1.0	1/4	1/4	Chord	2/4	2	1	1/4			1/4	1	406						
45	45	88	88	1.0	0	0	Chord	2/4	1	1	1/4			1/4	1	407						
45	45	357/4	357/4	0.25	5/16	5/16	Chord	2/4	1	1	1/16			1/16	1	408						
45	45	179/2	179/2	0.25	3/8	3/8	Chord	2/4	1	1	1/16			1/16	1	409						
45	45	359/4	359/4	0.25	7/16	7/16	Chord	2/4	1	1	1/16			1/16	1	410						
45	45	353/4	353/4	0.25	1/16	1/16	Chord	2/4	2	1	1/16			1/16	1	411						
45	45	177/2	177/2	0.25	1/8	1/8	Chord	2/4	2	1	1/16			1/16	1	412						
45	45	355/4	355/4	0.25	3/16	3/16	Chord	2/4	2	1	1/16			1/16	1	413						
45	45	89	89	0.5	1/4	1/4	Chord	2/4	2	1	1/8			1/8	1	414						
46	46	90	90	1.0	0	0	Chord	2/4	1	1	1/4			1/4	1	415						
46	46	365/4	365/4	0.25	5/16	5/16	Chord	2/4	1	1	1/16			1/16	1	416						
46	46	183/2	183/2	0.25	3/8	3/8	Chord	2/4	1	1	1/16			1/16	1	417						
46	46	367/4	367/4	0.25	7/16	7/16	Chord	2/4	1	1	1/16			1/16	1	418						
46	46	361/4	361/4	0.25	1/16	1/16	Chord	2/4	2	1	1/16			1/16	1	419						
46	46	181/2	181/2	0.25	1/8	1/8	Chord	2/4	2	1	1/16			1/16	1	420						
46	46	363/4	363/4	0.25	3/16	3/16	Chord	2/4	2	1	1/16			1/16	1	421						
46	46	91	91	0.5	1/4	1/4	Chord	2/4	2	1	1/8			1/8	1	422						
47	47	92	92	0.0	0	0	Chord	2/4	1	1	0	grace16		1/16	1	423						
47	47	92	92	0.5	0	0	Chord	2/4	1	1	1/8			1/8	1	424						
47	47	185/2	185/2	0.25	1/8	1/8	Chord	2/4	1	1	1/16			1/16	1	425						
47	47	371/4	371/4	0.25	3/16	3/16	Chord	2/4	1	1	1/16			1/16	1	426						
47	47	93	93	0.5	1/4	1/4	Chord	2/4	1	1	1/8			1/8	1	427						
47	47	187/2	187/2	0.5	3/8	3/8	Chord	2/4	1	1	1/8			1/8	1	428						
47	47	92	92	1.0	0	0	Chord	2/4	2	1	1/4			1/4	1	429						
47	47	93	93	0.5	1/4	1/4	Chord	2/4	2	1	1/8			1/8	1	430						
47	47	187/2	187/2	0.5	3/8	3/8	Chord	2/4	2	1	1/8			1/8	1	431						
48	48	94	94	1.0	0	0	Chord	2/4	1	1	1/4			1/4	1	432						
48	48	377/4	377/4	0.25	1/16	1/16	Chord	2/4	2	1	1/16			1/16	1	433						
48	48	189/2	189/2	0.25	1/8	1/8	Chord	2/4	2	1	1/16			1/16	1	434						
48	48	379/4	379/4	0.25	3/16	3/16	Chord	2/4	2	1	1/16			1/16	1	435						
48	48	95	95	0.5	1/4	1/4	Chord	2/4	2	1	1/8			1/8	1	436						
49	49	96	96	1.0	0	0	Chord	2/4	1	1	1/4			1/4	1	437						
49	49	97	97	0.5	1/4	1/4	Chord	2/4	1	1	1/8			1/8	1	438						
49	49	195/2	195/2	0.5	3/8	3/8	Chord	2/4	1	1	1/8			1/8	1	439						
49	49	96	96	0.25	0	0	Chord	2/4	2	1	1/16			1/16	1	440						
49	49	385/4	385/4	0.25	1/16	1/16	Chord	2/4	2	1	1/16			1/16	1	441						
49	49	193/2	193/2	0.25	1/8	1/8	Chord	2/4	2	1	1/16			1/16	1	442						
49	49	387/4	387/4	0.25	3/16	3/16	Chord	2/4	2	1	1/16			1/16	1	443						
49	49	97	97	0.25	1/4	1/4	Chord	2/4	2	1	1/16			1/16	1	444						
49	49	389/4	389/4	0.25	5/16	5/16	Chord	2/4	2	1	1/16			1/16	1	445						
49	49	195/2	195/2	0.25	3/8	3/8	Chord	2/4	2	1	1/16			1/16	1	446						
49	49	391/4	391/4	0.25	7/16	7/16	Chord	2/4	2	1	1/16			1/16	1	447						
50	50	98	98	1.0	0	0	Chord	2/4	1	1	1/4			1/4	1	448						
50	50	99	99	1.0	1/4	1/4	Chord	2/4	1	1	1/4			1/4	1	449						
50	50	98	98	2.0	0	0	Chord	2/4	2	1	1/2		c16	1/2	1	450						
50	50	98	98	2.0	0	0	Chord	2/4	2	1	1/2			1/2	1	451						
51	51	100	100	1.0	0	0	Chord	2/4	1	1	1/4			1/4	1	452						
51	51	101	101	0.5	1/4	1/4	Chord	2/4	1	1	1/8			1/8	1	453						
51	51	203/2	203/2	0.5	3/8	3/8	Chord	2/4	1	1	1/8			1/8	1	454						
51	51	100	100	2.0	0	0	Chord	2/4	2	1	1/2		c16	1/2	1	455						
51	51	100	100	2.0	0	0	Chord	2/4	2	1	1/2			1/2	1	456						
52	52	102	102	1.0	0	0	Chord	2/4	1	1	1/4			1/4	1	457						
52	52	103	103	1.0	1/4	1/4	Chord	2/4	1	1	1/4			1/4	1	458						
52	52	102	102	2.0	0	0	Chord	2/4	2	1	1/2		c16	1/2	1	459						
52	52	102	102	2.0	0	0	Chord	2/4	2	1	1/2			1/2	1	460						
53	53	104	104	1.0	0	0	Chord	2/4	1	1	1/4			1/4	1	461						
53	53	105	105	0.5	1/4	1/4	Chord	2/4	1	1	1/8			1/8	1	462						
53	53	211/2	211/2	0.5	3/8	3/8	Chord	2/4	1	1	1/8			1/8	1	463						
53	53	104	104	2.0	0	0	Chord	2/4	2	1	1/2		c16	1/2	1	464						
53	53	104	104	2.0	0	0	Chord	2/4	2	1	1/2			1/2	1	465						
54	54	106	106	1.0	0	0	Chord	2/4	1	1	1/4			1/4	1	466						
54	54	107	107	1.0	1/4	1/4	Chord	2/4	1	1	1/4			1/4	1	467						
54	54	106	106	2.0	0	0	Chord	2/4	2	1	1/2		c16	1/2	1	468						
54	54	106	106	2.0	0	0	Chord	2/4	2	1	1/2			1/2	1	469						
55	55	108	108	0.75	0	0	Chord	2/4	1	1	3/16			1/8	3/2	470						
55	55	435/4	435/4	0.25	3/16	3/16	Chord	2/4	1	1	1/16			1/16	1	471						
55	55	109	109	0.5	1/4	1/4	Chord	2/4	1	1	1/8			1/8	1	472						
55	55	219/2	219/2	0.5	3/8	3/8	Chord	2/4	1	1	1/8			1/8	1	473						
55	55	108	108	2.0	0	0	Chord	2/4	2	1	1/2		c16	1/2	1	474						
55	55	108	108	2.0	0	0	Chord	2/4	2	1	1/2			1/2	1	475						
56	56	110	110	1.0	0	0	Chord	2/4	1	1	1/4			1/4	1	476						
56	56	111	111	0.5	1/4	1/4	Chord	2/4	1	1	1/8			1/8	1	477						
56	56	110	110	0.25	0	0	Chord	2/4	2	1	1/16			1/16	1	478						
56	56	441/4	441/4	0.25	1/16	1/16	Chord	2/4	2	1	1/16			1/16	1	479						
56	56	221/2	221/2	0.25	1/8	1/8	Chord	2/4	2	1	1/16			1/16	1	480						
56	56	443/4	443/4	0.25	3/16	3/16	Chord	2/4	2	1	1/16			1/16	1	481						
56	56	111	111	0.5	1/4	1/4	Chord	2/4	2	1	1/8			1/8	1	482						
57	57	112	112	1.0	0	0	Chord	2/4	1	1	1/4			1/4	1	483						
57	57	453/4	453/4	0.25	5/16	5/16	Chord	2/4	1	1	1/16			1/16	1	484						
57	57	227/2	227/2	0.25	3/8	3/8	Chord	2/4	1	1	1/16			1/16	1	485						
57	57	455/4	455/4	0.25	7/16	7/16	Chord	2/4	1	1	1/16			1/16	1	486						
57	57	449/4	449/4	0.25	1/16	1/16	Chord	2/4	2	1	1/16			1/16	1	487						
57	57	225/2	225/2	0.25	1/8	1/8	Chord	2/4	2	1	1/16			1/16	1	488						
57	57	451/4	451/4	0.25	3/16	3/16	Chord	2/4	2	1	1/16			1/16	1	489						
57	57	113	113	0.5	1/4	1/4	Chord	2/4	2	1	1/8			1/8	1	490						
58	58	114	114	0.25	0	0	Chord	2/4	1	1	1/16			1/16	1	491						
58	58	457/4	457/4	0.25	1/16	1/16	Chord	2/4	1	1	1/16			1/16	1	492						
58	58	229/2	229/2	0.25	1/8	1/8	Chord	2/4	1	1	1/16			1/16	1	493						
58	58	459/4	459/4	0.25	3/16	3/16	Chord	2/4	1	1	1/16			1/16	1	494						
58	58	115	115	0.25	1/4	1/4	Chord	2/4	1	1	1/16			1/16	1	495						
58	58	461/4	461/4	0.25	5/16	5/16	Chord	2/4	1	1	1/16			1/16	1	496						
58	58	231/2	231/2	0.25	3/8	3/8	Chord	2/4	1	1	1/16			1/16	1	497						
58	58	463/4	463/4	0.25	7/16	7/16	Chord	2/4	1	1	1/16			1/16	1	498						
58	58	115	115	1.0	1/4	1/4	Chord	2/4	2	1	1/4			1/4	1	499						
59	59	116	116	1.0	0	0	Chord	2/4	1	1	1/4			1/4	1	500						
59	59	469/4	469/4	0.25	5/16	5/16	Chord	2/4	1	1	1/16			1/16	1	501						
59	59	235/2	235/2	0.25	3/8	3/8	Chord	2/4	1	1	1/16			1/16	1	502						
59	59	471/4	471/4	0.25	7/16	7/16	Chord	2/4	1	1	1/16			1/16	1	503						
59	59	465/4	465/4	0.25	1/16	1/16	Chord	2/4	2	1	1/16			1/16	1	504						
59	59	233/2	233/2	0.25	1/8	1/8	Chord	2/4	2	1	1/16			1/16	1	505						
59	59	467/4	467/4	0.25	3/16	3/16	Chord	2/4	2	1	1/16			1/16	1	506						
59	59	117	117	0.5	1/4	1/4	Chord	2/4	2	1	1/8			1/8	1	507						
60	60	118	118	0.25	0	0	Chord	2/4	1	1	1/16			1/16	1	508						
60	60	473/4	473/4	0.25	1/16	1/16	Chord	2/4	1	1	1/16			1/16	1	509						
60	60	237/2	237/2	0.25	1/8	1/8	Chord	2/4	1	1	1/16			1/16	1	510						
60	60	475/4	475/4	0.25	3/16	3/16	Chord	2/4	1	1	1/16			1/16	1	511						
60	60	119	119	0.25	1/4	1/4	Chord	2/4	1	1	1/16			1/16	1	512						
60	60	477/4	477/4	0.25	5/16	5/16	Chord	2/4	1	1	1/16			1/16	1	513						
60	60	239/2	239/2	0.25	3/8	3/8	Chord	2/4	1	1	1/16			1/16	1	514						
60	60	479/4	479/4	0.25	7/16	7/16	Chord	2/4	1	1	1/16			1/16	1	515						
60	60	119	119	1.0	1/4	1/4	Chord	2/4	2	1	1/4			1/4	1	516						
61	61	120	120	1.0	0	0	Chord	2/4	1	1	1/4			1/4	1	517						
61	61	485/4	485/4	0.25	5/16	5/16	Chord	2/4	1	1	1/16			1/16	1	518						
61	61	243/2	243/2	0.25	3/8	3/8	Chord	2/4	1	1	1/16			1/16	1	519						
61	61	487/4	487/4	0.25	7/16	7/16	Chord	2/4	1	1	1/16			1/16	1	520						
61	61	481/4	481/4	0.25	1/16	1/16	Chord	2/4	2	1	1/16			1/16	1	521						
61	61	241/2	241/2	0.25	1/8	1/8	Chord	2/4	2	1	1/16			1/16	1	522						
61	61	483/4	483/4	0.25	3/16	3/16	Chord	2/4	2	1	1/16			1/16	1	523						
61	61	121	121	0.5	1/4	1/4	Chord	2/4	2	1	1/8			1/8	1	524						
62	62	122	122	1.0	0	0	Chord	2/4	1	1	1/4			1/4	1	525						
62	62	493/4	493/4	0.25	5/16	5/16	Chord	2/4	1	1	1/16			1/16	1	526						
62	62	247/2	247/2	0.25	3/8	3/8	Chord	2/4	1	1	1/16			1/16	1	527						
62	62	495/4	495/4	0.25	7/16	7/16	Chord	2/4	1	1	1/16			1/16	1	528						
62	62	489/4	489/4	0.25	1/16	1/16	Chord	2/4	2	1	1/16			1/16	1	529						
62	62	245/2	245/2	0.25	1/8	1/8	Chord	2/4	2	1	1/16			1/16	1	530						
62	62	491/4	491/4	0.25	3/16	3/16	Chord	2/4	2	1	1/16			1/16	1	531						
62	62	123	123	0.5	1/4	1/4	Chord	2/4	2	1	1/8			1/8	1	532						
63	63	124	124	1.0	0	0	Chord	2/4	1	1	1/4			1/4	1	533						
63	63	501/4	501/4	0.25	5/16	5/16	Chord	2/4	1	1	1/16			1/16	1	534						
63	63	251/2	251/2	0.25	3/8	3/8	Chord	2/4	1	1	1/16			1/16	1	535						
63	63	503/4	503/4	0.25	7/16	7/16	Chord	2/4	1	1	1/16			1/16	1	536						
63	63	497/4	497/4	0.25	1/16	1/16	Chord	2/4	2	1	1/16			1/16	1	537						
63	63	249/2	249/2	0.25	1/8	1/8	Chord	2/4	2	1	1/16			1/16	1	538						
63	63	499/4	499/4	0.25	3/16	3/16	Chord	2/4	2	1	1/16			1/16	1	539						
63	63	125	125	0.5	1/4	1/4	Chord	2/4	2	1	1/8			1/8	1	540						
64	64	126	126	0.25	0	0	Chord	2/4	1	1	1/16			1/16	1	541						
64	64	505/4	505/4	0.25	1/16	1/16	Chord	2/4	1	1	1/16			1/16	1	542						
64	64	253/2	253/2	0.25	1/8	1/8	Chord	2/4	1	1	1/16			1/16	1	543						
64	64	507/4	507/4	0.25	3/16	3/16	Chord	2/4	1	1	1/16			1/16	1	544						
64	64	127	127	0.25	1/4	1/4	Chord	2/4	1	1	1/16			1/16	1	545						
64	64	509/4	509/4	0.25	5/16	5/16	Chord	2/4	1	1	1/16			1/16	1	546						
64	64	255/2	255/2	0.25	3/8	3/8	Chord	2/4	1	1	1/16			1/16	1	547						
64	64	511/4	511/4	0.25	7/16	7/16	Chord	2/4	1	1	1/16			1/16	1	548						
64	64	255/2	255/2	0.5	3/8	3/8	Chord	2/4	2	1	1/8			1/8	1	549						
65	65	128	128	0.5	0	0	Chord	2/4	1	1	1/8			1/8	1	550						
65	65	257/2	257/2	0.5	1/8	1/8	Chord	2/4	1	1	1/8			1/8	1	551						
65	65	129	129	0.0	1/4	1/4	Chord	2/4	1	1	0	grace16		1/16	1	552						
65	65	129	129	0.5	1/4	1/4	Chord	2/4	1	1	1/8			1/8	1	553						
65	65	259/2	259/2	0.25	3/8	3/8	Chord	2/4	1	1	1/16			1/16	1	554						
65	65	519/4	519/4	0.25	7/16	7/16	Chord	2/4	1	1	1/16			1/16	1	555						
65	65	128	128	1.0	0	0	Chord	2/4	2	1	1/4			1/4	1	556						
65	65	129	129	1.0	1/4	1/4	Chord	2/4	2	1	1/4			1/4	1	557						
65	65	128	128	2.0	0	0	Chord	2/4	2	2	1/2			1/2	1	558						
66	66	130	130	0.25	0	0	Chord	2/4	1	1	1/16			1/16	1	559						
66	66	521/4	521/4	0.25	1/16	1/16	Chord	2/4	1	1	1/16			1/16	1	560						
66	66	261/2	261/2	0.25	1/8	1/8	Chord	2/4	1	1	1/16			1/16	1	561						
66	66	523/4	523/4	0.25	3/16	3/16	Chord	2/4	1	1	1/16			1/16	1	562						
66	66	131	131	0.5	1/4	1/4	Chord	2/4	1	1	1/8			1/8	1	563						
66	66	263/2	263/2	0.25	3/8	3/8	Chord	2/4	1	1	1/16			1/16	1	564						
66	66	527/4	527/4	0.25	7/16	7/16	Chord	2/4	1	1	1/16			1/16	1	565						
66	66	130	130	1.0	0	0	Chord	2/4	2	1	1/4			1/4	1	566						
66	66	263/2	263/2	0.5	3/8	3/8	Chord	2/4	2	1	1/8			1/8	1	567						
67	67	132	132	0.25	0	0	Chord	2/4	1	1	1/16			1/16	1	568						
67	67	529/4	529/4	0.25	1/16	1/16	Chord	2/4	1	1	1/16			1/16	1	569						
67	67	265/2	265/2	0.25	1/8	1/8	Chord	2/4	1	1	1/16			1/16	1	570						
67	67	531/4	531/4	0.25	3/16	3/16	Chord	2/4	1	1	1/16			1/16	1	571						
67	67	133	133	0.25	1/4	1/4	Chord	2/4	1	1	1/16			1/16	1	572						
67	67	533/4	533/4	0.25	5/16	5/16	Chord	2/4	1	1	1/16			1/16	1	573						
67	67	267/2	267/2	0.25	3/8	3/8	Chord	2/4	1	1	1/16			1/16	1	574						
67	67	535/4	535/4	0.25	7/16	7/16	Chord	2/4	1	1	1/16			1/16	1	575						
67	67	132	132	0.5	0	0	Chord	2/4	2	1	1/8			1/8	1	576						
67	67	265/2	265/2	0.5	1/8	1/8	Chord	2/4	2	1	1/8			1/8	1	577						
67	67	133	133	0.5	1/4	1/4	Chord	2/4	2	1	1/8			1/8	1	578						
67	67	267/2	267/2	0.5	3/8	3/8	Chord	2/4	2	1	1/8			1/8	1	579						
67	67	132	132	2.0	0	0	Chord	2/4	2	2	1/2			1/2	1	580						
68	68	134	134	0.5	0	0	Chord	2/4	1	1	1/8			1/8	1	581						
68	68	269/2	269/2	0.125	1/8	1/8	Chord	2/4	1	1	1/32			1/32	1	582						
68	68	1077/8	1077/8	0.125	5/32	5/32	Chord	2/4	1	1	1/32			1/32	1	583						
68	68	539/4	539/4	0.125	3/16	3/16	Chord	2/4	1	1	1/32			1/32	1	584						
68	68	1079/8	1079/8	0.125	7/32	7/32	Chord	2/4	1	1	1/32			1/32	1	585						
68	68	135	135	0.5	1/4	1/4	Chord	2/4	1	1	1/8			1/8	1	586						
68	68	134	134	1.0	0	0	Chord	2/4	2	1	1/4			1/4	1	587						
68	68	135	135	0.5	1/4	1/4	Chord	2/4	2	1	1/8			1/8	1	588						
69	69	136	136	0.5	0	0	Chord	2/4	1	1	1/8			1/8	1	589						
69	69	273/2	273/2	0.5	1/8	1/8	Chord	2/4	1	1	1/8			1/8	1	590						
69	69	137	137	0.0	1/4	1/4	Chord	2/4	1	1	0	grace16		1/16	1	591						
69	69	137	137	0.5	1/4	1/4	Chord	2/4	1	1	1/8			1/8	1	592						
69	69	275/2	275/2	0.25	3/8	3/8	Chord	2/4	1	1	1/16			1/16	1	593						
69	69	551/4	551/4	0.25	7/16	7/16	Chord	2/4	1	1	1/16			1/16	1	594						
69	69	136	136	1.0	0	0	Chord	2/4	2	1	1/4			1/4	1	595						
69	69	137	137	1.0	1/4	1/4	Chord	2/4	2	1	1/4			1/4	1	596						
69	69	136	136	2.0	0	0	Chord	2/4	2	2	1/2			1/2	1	597						
70	70	138	138	0.25	0	0	Chord	2/4	1	1	1/16			1/16	1	598						
70	70	553/4	553/4	0.25	1/16	1/16	Chord	2/4	1	1	1/16			1/16	1	599						
70	70	277/2	277/2	0.25	1/8	1/8	Chord	2/4	1	1	1/16			1/16	1	600						
70	70	555/4	555/4	0.25	3/16	3/16	Chord	2/4	1	1	1/16			1/16	1	601						
70	70	139	139	0.75	1/4	1/4	Chord	2/4	1	1	3/16			1/8	3/2	602						
70	70	559/4	559/4	0.25	7/16	7/16	Chord	2/4	1	1	1/16			1/16	1	603						
70	70	138	138	1.0	0	0	Chord	2/4	2	1	1/4			1/4	1	604						
70	70	279/2	279/2	0.5	3/8	3/8	Chord	2/4	2	1	1/8			1/8	1	605						
71	71	140	140	0.25	0	0	Chord	2/4	1	1	1/16			1/16	1	606						
71	71	561/4	561/4	0.25	1/16	1/16	Chord	2/4	1	1	1/16			1/16	1	607						
71	71	281/2	281/2	0.25	1/8	1/8	Chord	2/4	1	1	1/16			1/16	1	608						
71	71	563/4	563/4	0.25	3/16	3/16	Chord	2/4	1	1	1/16			1/16	1	609						
71	71	141	141	0.5	1/4	1/4	Chord	2/4	1	1	1/8			1/8	1	610						
71	71	283/2	283/2	0.5	3/8	3/8	Chord	2/4	1	1	1/8			1/8	1	611						
71	71	140	140	1.0	0	0	Chord	2/4	2	1	1/4			1/4	1	612						
71	71	141	141	0.5	1/4	1/4	Chord	2/4	2	1	1/8			1/8	1	613						
71	71	283/2	283/2	0.5	3/8	3/8	Chord	2/4	2	1	1/8			1/8	1	614						
72	72	142	142	1.0	0	0	Chord	2/4	1	1	1/4			1/4	1	615						
72	72	143	143	0.5	1/4	1/4	Chord	2/4	1	1	1/8			1/8	1	616						
72	72	287/2	287/2	0.5	3/8	3/8	Chord	2/4	1	1	1/8			1/8	1	617						
72	72	142	142	0.5	0	0	Chord	2/4	2	1	1/8			1/8	1	618						
72	72	285/2	285/2	0.5	1/8	1/8	Chord	2/4	2	1	1/8			1/8	1	619						
72	72	143	143	0.5	1/4	1/4	Chord	2/4	2	1	1/8			1/8	1	620						
73	73	144	144	0.5	0	0	Chord	2/4	1	1	1/8			1/8	1	621						3
73	73	289/2	289/2	0.5	1/8	1/8	Chord	2/4	1	1	1/8			1/8	1	622						3
73	73	145	145	0.5	1/4	1/4	Chord	2/4	1	1	1/8			1/8	1	623						3
73	73	291/2	291/2	0.5	3/8	3/8	Chord	2/4	1	1	1/8			1/8	1	624						
73	73	289/2	289/2	0.5	1/8	1/8	Chord	2/4	2	1	1/8			1/8	1	625						
73	73	145	145	0.5	1/4	1/4	Chord	2/4	2	1	1/8			1/8	1	626						
73	73	291/2	291/2	0.5	3/8	3/8	Chord	2/4	2	1	1/8			1/8	1	627						
74	74	146	146	1.0	0	0	Chord	2/4	1	1	1/4			1/4	1	628						
74	74	147	147	0.5	1/4	1/4	Chord	2/4	1	1	1/8			1/8	1	629						4
74	74	295/2	295/2	0.5	3/8	3/8	Chord	2/4	1	1	1/8			1/8	1	630						
74	74	146	146	1.0	0	0	Chord	2/4	2	1	1/4			1/4	1	631						
74	74	147	147	1.0	1/4	1/4	Chord	2/4	2	1	1/4			1/4	1	632						
75	75	148	148	0.5	0	0	Chord	2/4	1	1	1/8			1/8	1	633						
75	75	297/2	297/2	0.5	1/8	1/8	Chord	2/4	1	1	1/8			1/8	1	634						
75	75	149	149	0.5	1/4	1/4	Chord	2/4	1	1	1/8			1/8	1	635						
75	75	299/2	299/2	0.5	3/8	3/8	Chord	2/4	1	1	1/8			1/8	1	636						
75	75	299/2	299/2	0.5	3/8	3/8	Chord	2/4	2	1	1/8			1/8	1	637						
76	76	150	150	1.0	0	0	Chord	2/4	1	1	1/4			1/4	1	638						
76	76	151	151	0.5	1/4	1/4	Chord	2/4	1	1	1/8			1/8	1	639						
76	76	303/2	303/2	0.5	3/8	3/8	Chord	2/4	1	1	1/8			1/8	1	640						
76	76	150	150	0.5	0	0	Chord	2/4	2	1	1/8			1/8	1	641						
76	76	301/2	301/2	0.5	1/8	1/8	Chord	2/4	2	1	1/8			1/8	1	642						
76	76	151	151	0.5	1/4	1/4	Chord	2/4	2	1	1/8			1/8	1	643						
77	77	152	152	0.25	0	0	Chord	2/4	1	1	1/16			1/16	1	644						
77	77	609/4	609/4	0.25	1/16	1/16	Chord	2/4	1	1	1/16			1/16	1	645						
77	77	305/2	305/2	0.25	1/8	1/8	Chord	2/4	1	1	1/16			1/16	1	646						
77	77	611/4	611/4	0.25	3/16	3/16	Chord	2/4	1	1	1/16			1/16	1	647						
77	77	153	153	0.25	1/4	1/4	Chord	2/4	1	1	1/16			1/16	1	648						
77	77	613/4	613/4	0.25	5/16	5/16	Chord	2/4	1	1	1/16			1/16	1	649						
77	77	307/2	307/2	0.25	3/8	3/8	Chord	2/4	1	1	1/16			1/16	1	650						
77	77	615/4	615/4	0.25	7/16	7/16	Chord	2/4	1	1	1/16			1/16	1	651						
77	77	152	152	1.0	0	0	Chord	2/4	2	1	1/4			1/4	1	652						
77	77	153	153	1.0	1/4	1/4	Chord	2/4	2	1	1/4			1/4	1	653						
78	78	154	154	0.25	0	0	Chord	2/4	1	1	1/16			1/16	1	654						
78	78	617/4	617/4	0.25	1/16	1/16	Chord	2/4	1	1	1/16			1/16	1	655						
78	78	309/2	309/2	0.25	1/8	1/8	Chord	2/4	1	1	1/16			1/16	1	656						
78	78	619/4	619/4	0.25	3/16	3/16	Chord	2/4	1	1	1/16			1/16	1	657						
78	78	155	155	0.25	1/4	1/4	Chord	2/4	1	1	1/16			1/16	1	658						
78	78	621/4	621/4	0.25	5/16	5/16	Chord	2/4	1	1	1/16			1/16	1	659						
78	78	311/2	311/2	0.25	3/8	3/8	Chord	2/4	1	1	1/16			1/16	1	660						
78	78	623/4	623/4	0.25	7/16	7/16	Chord	2/4	1	1	1/16			1/16	1	661						
78	78	154	154	1.0	0	0	Chord	2/4	2	1	1/4			1/4	1	662						
78	78	155	155	1.0	1/4	1/4	Chord	2/4	2	1	1/4			1/4	1	663						
79	79	156	156	1.0	0	0	Chord	2/4	1	1	1/4			1/4	1	664						
79	79	156	156	1.0	0	0	Chord	2/4	2	1	1/4			1/4	1	665						
80	80	158	158	0.5	0	0	Chord	2/4	1	1	1/8			1/8	1	666						
80	80	317/2	317/2	0.5	1/8	1/8	Chord	2/4	1	1	1/8			1/8	1	667						
80	80	159	159	0.0	1/4	1/4	Chord	2/4	1	1	0	grace16		1/16	1	668						
80	80	159	159	0.5	1/4	1/4	Chord	2/4	1	1	1/8			1/8	1	669						
80	80	319/2	319/2	0.25	3/8	3/8	Chord	2/4	1	1	1/16			1/16	1	670						
80	80	639/4	639/4	0.25	7/16	7/16	Chord	2/4	1	1	1/16			1/16	1	671						
80	80	158	158	1.0	0	0	Chord	2/4	2	1	1/4			1/4	1	672						
80	80	159	159	1.0	1/4	1/4	Chord	2/4	2	1	1/4			1/4	1	673						
80	80	158	158	2.0	0	0	Chord	2/4	2	2	1/2			1/2	1	674						
81	81	160	160	0.25	0	0	Chord	2/4	1	1	1/16			1/16	1	675						
81	81	641/4	641/4	0.25	1/16	1/16	Chord	2/4	1	1	1/16			1/16	1	676						
81	81	321/2	321/2	0.25	1/8	1/8	Chord	2/4	1	1	1/16			1/16	1	677						
81	81	643/4	643/4	0.25	3/16	3/16	Chord	2/4	1	1	1/16			1/16	1	678						
81	81	161	161	0.5	1/4	1/4	Chord	2/4	1	1	1/8			1/8	1	679						
81	81	323/2	323/2	0.25	3/8	3/8	Chord	2/4	1	1	1/16			1/16	1	680						
81	81	647/4	647/4	0.25	7/16	7/16	Chord	2/4	1	1	1/16			1/16	1	681						
81	81	160	160	1.0	0	0	Chord	2/4	2	1	1/4			1/4	1	682						
81	81	323/2	323/2	0.5	3/8	3/8	Chord	2/4	2	1	1/8			1/8	1	683						
82	82	162	162	0.25	0	0	Chord	2/4	1	1	1/16			1/16	1	684						
82	82	649/4	649/4	0.25	1/16	1/16	Chord	2/4	1	1	1/16			1/16	1	685						
82	82	325/2	325/2	0.25	1/8	1/8	Chord	2/4	1	1	1/16			1/16	1	686						
82	82	651/4	651/4	0.25	3/16	3/16	Chord	2/4	1	1	1/16			1/16	1	687						
82	82	163	163	0.25	1/4	1/4	Chord	2/4	1	1	1/16			1/16	1	688						
82	82	653/4	653/4	0.25	5/16	5/16	Chord	2/4	1	1	1/16			1/16	1	689						
82	82	327/2	327/2	0.25	3/8	3/8	Chord	2/4	1	1	1/16			1/16	1	690						
82	82	655/4	655/4	0.25	7/16	7/16	Chord	2/4	1	1	1/16			1/16	1	691						
82	82	162	162	0.5	0	0	Chord	2/4	2	1	1/8			1/8	1	692						
82	82	325/2	325/2	0.5	1/8	1/8	Chord	2/4	2	1	1/8			1/8	1	693						
82	82	163	163	0.5	1/4	1/4	Chord	2/4	2	1	1/8			1/8	1	694						
82	82	327/2	327/2	0.5	3/8	3/8	Chord	2/4	2	1	1/8			1/8	1	695						
82	82	162	162	2.0	0	0	Chord	2/4	2	2	1/2			1/2	1	696						
83	83	164	164	0.5	0	0	Chord	2/4	1	1	1/8			1/8	1	697						
83	83	329/2	329/2	0.125	1/8	1/8	Chord	2/4	1	1	1/32			1/32	1	698						
83	83	1317/8	1317/8	0.125	5/32	5/32	Chord	2/4	1	1	1/32			1/32	1	699						
83	83	659/4	659/4	0.125	3/16	3/16	Chord	2/4	1	1	1/32			1/32	1	700						
83	83	1319/8	1319/8	0.125	7/32	7/32	Chord	2/4	1	1	1/32			1/32	1	701						
83	83	165	165	0.5	1/4	1/4	Chord	2/4	1	1	1/8			1/8	1	702						
83	83	164	164	1.0	0	0	Chord	2/4	2	1	1/4			1/4	1	703						
83	83	165	165	0.5	1/4	1/4	Chord	2/4	2	1	1/8			1/8	1	704						
83	83	164	164	1.5	0	0	Chord	2/4	2	2	3/8			1/4	3/2	705						
84	84	166	166	0.5	0	0	Chord	2/4	1	1	1/8			1/8	1	706						
84	84	333/2	333/2	0.5	1/8	1/8	Chord	2/4	1	1	1/8			1/8	1	707						
84	84	167	167	0.0	1/4	1/4	Chord	2/4	1	1	0	grace16		1/16	1	708						
84	84	167	167	0.5	1/4	1/4	Chord	2/4	1	1	1/8			1/8	1	709						
84	84	335/2	335/2	0.25	3/8	3/8	Chord	2/4	1	1	1/16			1/16	1	710						
84	84	671/4	671/4	0.25	7/16	7/16	Chord	2/4	1	1	1/16			1/16	1	711						
84	84	166	166	1.0	0	0	Chord	2/4	2	1	1/4			1/4	1	712						
84	84	167	167	1.0	1/4	1/4	Chord	2/4	2	1	1/4			1/4	1	713						
84	84	166	166	2.0	0	0	Chord	2/4	2	2	1/2			1/2	1	714						
85	85	168	168	0.25	0	0	Chord	2/4	1	1	1/16			1/16	1	715						
85	85	673/4	673/4	0.25	1/16	1/16	Chord	2/4	1	1	1/16			1/16	1	716						
85	85	337/2	337/2	0.25	1/8	1/8	Chord	2/4	1	1	1/16			1/16	1	717						
85	85	675/4	675/4	0.25	3/16	3/16	Chord	2/4	1	1	1/16			1/16	1	718						
85	85	169	169	0.75	1/4	1/4	Chord	2/4	1	1	3/16			1/8	3/2	719						
85	85	679/4	679/4	0.25	7/16	7/16	Chord	2/4	1	1	1/16			1/16	1	720						
85	85	168	168	1.0	0	0	Chord	2/4	2	1	1/4			1/4	1	721						
85	85	339/2	339/2	0.5	3/8	3/8	Chord	2/4	2	1	1/8			1/8	1	722						
86	86	170	170	0.25	0	0	Chord	2/4	1	1	1/16			1/16	1	723						
86	86	681/4	681/4	0.25	1/16	1/16	Chord	2/4	1	1	1/16			1/16	1	724						
86	86	341/2	341/2	0.25	1/8	1/8	Chord	2/4	1	1	1/16			1/16	1	725						
86	86	683/4	683/4	0.25	3/16	3/16	Chord	2/4	1	1	1/16			1/16	1	726						
86	86	171	171	0.5	1/4	1/4	Chord	2/4	1	1	1/8			1/8	1	727						
86	86	343/2	343/2	0.5	3/8	3/8	Chord	2/4	1	1	1/8			1/8	1	728						
86	86	170	170	1.0	0	0	Chord	2/4	2	1	1/4			1/4	1	729						
86	86	171	171	0.5	1/4	1/4	Chord	2/4	2	1	1/8			1/8	1	730						
86	86	343/2	343/2	0.5	3/8	3/8	Chord	2/4	2	1	1/8			1/8	1	731						
87	87	172	172	1.0	0	0	Chord	2/4	1	1	1/4			1/4	1	732						
87	87	173	173	0.5	1/4	1/4	Chord	2/4	1	1	1/8			1/8	1	733						
87	87	172	172	0.5	0	0	Chord	2/4	2	1	1/8			1/8	1	734						
87	87	345/2	345/2	0.5	1/8	1/8	Chord	2/4	2	1	1/8			1/8	1	735						
87	87	173	173	0.5	1/4	1/4	Chord	2/4	2	1	1/8			1/8	1	736						
88	88	174	174	1.0	0	0	Chord	2/4	1	1	1/4			1/4	1	737						
88	88	351/2	351/2	0.5	3/8	3/8	Chord	2/4	1	1	1/8			1/8	1	738						
88	88	174	174	0.25	0	0	Chord	2/4	2	1	1/16			1/16	1	739						
88	88	697/4	697/4	0.25	1/16	1/16	Chord	2/4	2	1	1/16			1/16	1	740						
88	88	349/2	349/2	0.25	1/8	1/8	Chord	2/4	2	1	1/16			1/16	1	741						
88	88	699/4	699/4	0.25	3/16	3/16	Chord	2/4	2	1	1/16			1/16	1	742						
88	88	175	175	0.25	1/4	1/4	Chord	2/4	2	1	1/16			1/16	1	743						
88	88	701/4	701/4	0.25	5/16	5/16	Chord	2/4	2	1	1/16			1/16	1	744						
88	88	351/2	351/2	0.25	3/8	3/8	Chord	2/4	2	1	1/16			1/16	1	745						
88	88	703/4	703/4	0.25	7/16	7/16	Chord	2/4	2	1	1/16			1/16	1	746						
89	89	176	176	0.5	0	0	Chord	2/4	1	1	1/8			1/8	1	747						5
89	89	353/2	353/2	0.5	1/8	1/8	Chord	2/4	1	1	1/8			1/8	1	748						
89	89	355/2	355/2	0.5	3/8	3/8	Chord	2/4	1	1	1/8			1/8	1	749						
89	89	176	176	2.0	0	0	Chord	2/4	2	1	1/2		c16	1/2	1	750						
89	89	176	176	2.0	0	0	Chord	2/4	2	1	1/2			1/2	1	751						
90	90	178	178	0.5	0	0	Chord	2/4	1	1	1/8			1/8	1	752						6
90	90	357/2	357/2	0.5	1/8	1/8	Chord	2/4	1	1	1/8			1/8	1	753						
90	90	359/2	359/2	0.5	3/8	3/8	Chord	2/4	1	1	1/8			1/8	1	754						
90	90	178	178	2.0	0	0	Chord	2/4	2	1	1/2		c16	1/2	1	755						
90	90	178	178	2.0	0	0	Chord	2/4	2	1	1/2			1/2	1	756						
91	91	180	180	0.5	0	0	Chord	2/4	1	1	1/8			1/8	1	757						7
91	91	361/2	361/2	0.5	1/8	1/8	Chord	2/4	1	1	1/8			1/8	1	758						
91	91	363/2	363/2	0.5	3/8	3/8	Chord	2/4	1	1	1/8			1/8	1	759						
91	91	180	180	2.0	0	0	Chord	2/4	2	1	1/2		c16	1/2	1	760						
91	91	180	180	2.0	0	0	Chord	2/4	2	1	1/2			1/2	1	761						
92	92	182	182	1.0	0	0	Chord	2/4	1	1	1/4			1/4	1	762						
92	92	183	183	1.0	1/4	1/4	Chord	2/4	1	1	1/4			1/4	1	763						
92	92	182	182	0.25	0	0	Chord	2/4	2	1	1/16			1/16	1	764						
92	92	729/4	729/4	0.25	1/16	1/16	Chord	2/4	2	1	1/16			1/16	1	765						
92	92	365/2	365/2	0.25	1/8	1/8	Chord	2/4	2	1	1/16			1/16	1	766						
92	92	731/4	731/4	0.25	3/16	3/16	Chord	2/4	2	1	1/16			1/16	1	767						
92	92	183	183	0.25	1/4	1/4	Chord	2/4	2	1	1/16			1/16	1	768						
92	92	733/4	733/4	0.25	5/16	5/16	Chord	2/4	2	1	1/16			1/16	1	769						
92	92	367/2	367/2	0.25	3/8	3/8	Chord	2/4	2	1	1/16			1/16	1	770						
92	92	735/4	735/4	0.25	7/16	7/16	Chord	2/4	2	1	1/16			1/16	1	771						
93	93	184	184	1.0	0	0	Chord	2/4	1	1	1/4			1/4	1	772						
93	93	184	184	1.0	0	0	Chord	2/4	2	1	1/4			1/4	1	773						
