mc	mn	quarterbeats	quarterbeats_all_endings	duration_qb	mc_onset	mn_onset	event	timesig	staff	voice	duration	gracenote	nominal_duration	scalar	chord_id	dynamics	articulation	staff_text	tempo	qpm	metronome_base	metronome_number	tempo_visible	slur
1	1	0	0	0.0	0	0	Tempo	3/4	1	1	0								ùÖü=60	60.0	ùÖü	60.0	1.0	
1	1	0	0	1.0	0	0	Chord	3/4	1	1	1/4		1/4	1	0									
1	1	1	1	0.0	1/4	1/4	Chord	3/4	1	1	0	grace16	1/16	1	1									
1	1	1	1	0.5	1/4	1/4	Chord	3/4	1	1	1/8		1/8	1	2									
1	1	3/2	3/2	0.25	3/8	3/8	Chord	3/4	1	1	1/16		1/16	1	3									
1	1	7/4	7/4	0.25	7/16	7/16	Chord	3/4	1	1	1/16		1/16	1	4									
1	1	2	2	0.25	1/2	1/2	Chord	3/4	1	1	1/16		1/16	1	5									
1	1	9/4	9/4	0.25	9/16	9/16	Chord	3/4	1	1	1/16		1/16	1	6									0
1	1	5/2	5/2	0.25	5/8	5/8	Chord	3/4	1	1	1/16		1/16	1	7									0
1	1	11/4	11/4	0.25	11/16	11/16	Chord	3/4	1	1	1/16		1/16	1	8									
1	1	0	0	1.0	0	0	Chord	3/4	1	2	1/4		1/4	1	9									
1	1	1	1	1.0	1/4	1/4	Chord	3/4	1	2	1/4		1/4	1	10									
1	1	2	2	0.25	1/2	1/2	Chord	3/4	1	2	1/16		1/16	1	11									
1	1	0	0	1.0	0	0	Chord	3/4	2	1	1/4		1/4	1	12									
1	1	1	1	1.0	1/4	1/4	Chord	3/4	2	1	1/4		1/4	1	13									
1	1	2	2	1.0	1/2	1/2	Chord	3/4	2	1	1/4		1/4	1	14									
2	2	3	3	0.5	0	0	Chord	3/4	1	1	1/8		1/8	1	15									
2	2	7/2	7/2	0.125	1/8	1/8	Chord	3/4	1	1	1/32		1/32	1	16									
2	2	29/8	29/8	0.125	5/32	5/32	Chord	3/4	1	1	1/32		1/32	1	17									
2	2	15/4	15/4	0.125	3/16	3/16	Chord	3/4	1	1	1/32		1/32	1	18									
2	2	31/8	31/8	0.125	7/32	7/32	Chord	3/4	1	1	1/32		1/32	1	19									
2	2	4	4	0.5	1/4	1/4	Chord	3/4	1	1	1/8		1/8	1	20									
2	2	5	5	0.125	1/2	1/2	Chord	3/4	1	1	1/32		1/32	1	21									
2	2	41/8	41/8	0.125	17/32	17/32	Chord	3/4	1	1	1/32		1/32	1	22									
2	2	21/4	21/4	0.125	9/16	9/16	Chord	3/4	1	1	1/32		1/32	1	23									
2	2	43/8	43/8	0.125	19/32	19/32	Chord	3/4	1	1	1/32		1/32	1	24									
2	2	11/2	11/2	0.25	5/8	5/8	Chord	3/4	1	1	1/16		1/16	1	25									
2	2	23/4	23/4	0.25	11/16	11/16	Chord	3/4	1	1	1/16		1/16	1	26									
2	2	3	3	1.0	0	0	Chord	3/4	1	2	1/4		1/4	1	27									
2	2	4	4	0.5	1/4	1/4	Chord	3/4	1	2	1/8		1/8	1	28									
2	2	3	3	1.0	0	0	Chord	3/4	2	1	1/4		1/4	1	29									
2	2	4	4	0.5	1/4	1/4	Chord	3/4	2	1	1/8		1/8	1	30									
2	2	11/2	11/2	0.5	5/8	5/8	Chord	3/4	2	1	1/8		1/8	1	31									
3	3	6	6	0.375	0	0	Chord	3/4	1	1	3/32		1/16	3/2	32									
3	3	51/8	51/8	0.125	3/32	3/32	Chord	3/4	1	1	1/32		1/32	1	33									
3	3	13/2	13/2	0.375	1/8	1/8	Chord	3/4	1	1	3/32		1/16	3/2	34									
3	3	55/8	55/8	0.125	7/32	7/32	Chord	3/4	1	1	1/32		1/32	1	35									
3	3	7	7	0.5	1/4	1/4	Chord	3/4	1	1	1/8		1/8	1	36									
3	3	8	8	0.125	1/2	1/2	Chord	3/4	1	1	1/32		1/32	1	37									
3	3	65/8	65/8	0.125	17/32	17/32	Chord	3/4	1	1	1/32		1/32	1	38									
3	3	33/4	33/4	0.125	9/16	9/16	Chord	3/4	1	1	1/32		1/32	1	39									
3	3	67/8	67/8	0.125	19/32	19/32	Chord	3/4	1	1	1/32		1/32	1	40									
3	3	17/2	17/2	0.25	5/8	5/8	Chord	3/4	1	1	1/16		1/16	1	41									
3	3	35/4	35/4	0.25	11/16	11/16	Chord	3/4	1	1	1/16		1/16	1	42									
3	3	6	6	1.5	0	0	Chord	3/4	2	1	3/8		1/4	3/2	43									
3	3	17/2	17/2	0.5	5/8	5/8	Chord	3/4	2	1	1/8		1/8	1	44									
4	4	9	9	0.375	0	0	Chord	3/4	1	1	3/32		1/16	3/2	45									
4	4	75/8	75/8	0.125	3/32	3/32	Chord	3/4	1	1	1/32		1/32	1	46									
4	4	19/2	19/2	0.375	1/8	1/8	Chord	3/4	1	1	3/32		1/16	3/2	47									
4	4	79/8	79/8	0.125	7/32	7/32	Chord	3/4	1	1	1/32		1/32	1	48									
4	4	10	10	0.375	1/4	1/4	Chord	3/4	1	1	3/32		1/16	3/2	49									
4	4	83/8	83/8	0.125	11/32	11/32	Chord	3/4	1	1	1/32		1/32	1	50									
4	4	21/2	21/2	0.375	3/8	3/8	Chord	3/4	1	1	3/32		1/16	3/2	51									
4	4	87/8	87/8	0.125	15/32	15/32	Chord	3/4	1	1	1/32		1/32	1	52									
4	4	11	11	0.375	1/2	1/2	Chord	3/4	1	1	3/32		1/16	3/2	53									
4	4	91/8	91/8	0.125	19/32	19/32	Chord	3/4	1	1	1/32		1/32	1	54									
4	4	23/2	23/2	0.375	5/8	5/8	Chord	3/4	1	1	3/32		1/16	3/2	55									
4	4	95/8	95/8	0.125	23/32	23/32	Chord	3/4	1	1	1/32		1/32	1	56									
4	4	9	9	1.5	0	0	Chord	3/4	2	1	3/8		1/4	3/2	57									
4	4	11	11	1.0	1/2	1/2	Chord	3/4	2	1	1/4		1/4	1	58									
5	5	12	12	0.75	0	0	Chord	3/4	1	1	3/16		1/8	3/2	59		ornamentTurn							
5	5	51/4	51/4	0.25	3/16	3/16	Chord	3/4	1	1	1/16		1/16	1	60									
5	5	13	13	0.25	1/4	1/4	Chord	3/4	1	1	1/16		1/16	1	61									1
5	5	53/4	53/4	0.25	5/16	5/16	Chord	3/4	1	1	1/16		1/16	1	62									1
5	5	27/2	27/2	0.25	3/8	3/8	Chord	3/4	1	1	1/16		1/16	1	63									1
5	5	55/4	55/4	0.25	7/16	7/16	Chord	3/4	1	1	1/16		1/16	1	64									
5	5	14	14	0.125	1/2	1/2	Chord	3/4	1	1	1/32		1/32	1	65									
5	5	113/8	113/8	0.125	17/32	17/32	Chord	3/4	1	1	1/32		1/32	1	66									
5	5	57/4	57/4	0.125	9/16	9/16	Chord	3/4	1	1	1/32		1/32	1	67									
5	5	115/8	115/8	0.125	19/32	19/32	Chord	3/4	1	1	1/32		1/32	1	68									
5	5	29/2	29/2	0.125	5/8	5/8	Chord	3/4	1	1	1/32		1/32	1	69									
5	5	117/8	117/8	0.125	21/32	21/32	Chord	3/4	1	1	1/32		1/32	1	70									
5	5	59/4	59/4	0.125	11/16	11/16	Chord	3/4	1	1	1/32		1/32	1	71									
5	5	119/8	119/8	0.125	23/32	23/32	Chord	3/4	1	1	1/32		1/32	1	72									
5	5	12	12	1.0	0	0	Chord	3/4	2	1	1/4		1/4	1	73									
5	5	14	14	1.0	1/2	1/2	Chord	3/4	2	1	1/4		1/4	1	74									
6	6	15	15	0.5	0	0	Chord	3/4	1	1	1/8		1/8	1	75									
6	6	31/2	31/2	0.125	1/8	1/8	Chord	3/4	1	1	1/32		1/32	1	76									
6	6	125/8	125/8	0.125	5/32	5/32	Chord	3/4	1	1	1/32		1/32	1	77									
6	6	63/4	63/4	0.125	3/16	3/16	Chord	3/4	1	1	1/32		1/32	1	78									
6	6	127/8	127/8	0.125	7/32	7/32	Chord	3/4	1	1	1/32		1/32	1	79									
6	6	16	16	0.25	1/4	1/4	Chord	3/4	1	1	1/16		1/16	1	80									
6	6	65/4	65/4	0.25	5/16	5/16	Chord	3/4	1	1	1/16		1/16	1	81									2
6	6	33/2	33/2	0.25	3/8	3/8	Chord	3/4	1	1	1/16		1/16	1	82									2
6	6	67/4	67/4	0.25	7/16	7/16	Chord	3/4	1	1	1/16		1/16	1	83									
6	6	17	17	0.25	1/2	1/2	Chord	3/4	1	1	1/16		1/16	1	84									3
6	6	69/4	69/4	0.25	9/16	9/16	Chord	3/4	1	1	1/16		1/16	1	85									3
6	6	35/2	35/2	0.25	5/8	5/8	Chord	3/4	1	1	1/16		1/16	1	86									3
6	6	71/4	71/4	0.25	11/16	11/16	Chord	3/4	1	1	1/16		1/16	1	87									
6	6	15	15	1.0	0	0	Chord	3/4	2	1	1/4		1/4	1	88									
6	6	16	16	0.5	1/4	1/4	Chord	3/4	2	1	1/8		1/8	1	89									
7	7	18	18	1.0	0	0	Chord	3/4	1	1	1/4		1/4	1	90									
7	7	19	19	0.0	1/4	1/4	StaffText	3/4	1	1	0							"<font size=""17.8494""/><font face=""Opus""/>ÔÅî"						
7	7	19	19	0.0	1/4	1/4	Chord	3/4	1	1	0	grace16	1/16	1	91									
7	7	19	19	0.5	1/4	1/4	Chord	3/4	1	1	1/8		1/8	1	92									
7	7	39/2	39/2	0.25	3/8	3/8	Chord	3/4	1	1	1/16		1/16	1	93									
7	7	79/4	79/4	0.25	7/16	7/16	Chord	3/4	1	1	1/16		1/16	1	94									
7	7	20	20	0.125	1/2	1/2	Chord	3/4	1	1	1/32		1/32	1	95									
7	7	161/8	161/8	0.125	17/32	17/32	Chord	3/4	1	1	1/32		1/32	1	96									
7	7	81/4	81/4	0.125	9/16	9/16	Chord	3/4	1	1	1/32		1/32	1	97									
7	7	163/8	163/8	0.125	19/32	19/32	Chord	3/4	1	1	1/32		1/32	1	98									
7	7	41/2	41/2	0.125	5/8	5/8	Chord	3/4	1	1	1/32		1/32	1	99									
7	7	165/8	165/8	0.125	21/32	21/32	Chord	3/4	1	1	1/32		1/32	1	100									
7	7	83/4	83/4	0.125	11/16	11/16	Chord	3/4	1	1	1/32		1/32	1	101									
7	7	167/8	167/8	0.125	23/32	23/32	Chord	3/4	1	1	1/32		1/32	1	102									
7	7	18	18	1.0	0	0	Chord	3/4	1	2	1/4		1/4	1	103									
7	7	19	19	1.0	1/4	1/4	Chord	3/4	1	2	1/4		1/4	1	104									
7	7	73/4	73/4	0.25	1/16	1/16	Chord	3/4	2	1	1/16		1/16	1	105									
7	7	37/2	37/2	0.25	1/8	1/8	Chord	3/4	2	1	1/16		1/16	1	106									
7	7	75/4	75/4	0.25	3/16	3/16	Chord	3/4	2	1	1/16		1/16	1	107									
7	7	77/4	77/4	0.25	5/16	5/16	Chord	3/4	2	1	1/16		1/16	1	108									
7	7	39/2	39/2	0.25	3/8	3/8	Chord	3/4	2	1	1/16		1/16	1	109									
7	7	79/4	79/4	0.25	7/16	7/16	Chord	3/4	2	1	1/16		1/16	1	110									
7	7	81/4	81/4	0.25	9/16	9/16	Chord	3/4	2	1	1/16		1/16	1	111									
7	7	41/2	41/2	0.25	5/8	5/8	Chord	3/4	2	1	1/16		1/16	1	112									
7	7	83/4	83/4	0.25	11/16	11/16	Chord	3/4	2	1	1/16		1/16	1	113									
7	7	18	18	1.0	0	0	Chord	3/4	2	2	1/4		1/4	1	114									
7	7	19	19	1.0	1/4	1/4	Chord	3/4	2	2	1/4		1/4	1	115									
7	7	20	20	1.0	1/2	1/2	Chord	3/4	2	2	1/4		1/4	1	116									
8	8	21	21	0.75	0	0	Chord	3/4	1	1	3/16		1/8	3/2	117									
8	8	87/4	87/4	0.125	3/16	3/16	Chord	3/4	1	1	1/32		1/32	1	118									
8	8	175/8	175/8	0.125	7/32	7/32	Chord	3/4	1	1	1/32		1/32	1	119									
8	8	22	22	0.5	1/4	1/4	Chord	3/4	1	1	1/8		1/8	1	120									
8	8	91/4	91/4	0.125	7/16	7/16	Chord	3/4	1	1	1/32		1/32	1	121									
8	8	183/8	183/8	0.125	15/32	15/32	Chord	3/4	1	1	1/32		1/32	1	122									
8	8	23	23	0.125	1/2	1/2	Chord	3/4	1	1	1/32		1/32	1	123									
8	8	185/8	185/8	0.125	17/32	17/32	Chord	3/4	1	1	1/32		1/32	1	124									
8	8	93/4	93/4	0.125	9/16	9/16	Chord	3/4	1	1	1/32		1/32	1	125									
8	8	187/8	187/8	0.125	19/32	19/32	Chord	3/4	1	1	1/32		1/32	1	126									
8	8	47/2	47/2	0.125	5/8	5/8	Chord	3/4	1	1	1/32		1/32	1	127									
8	8	189/8	189/8	0.125	21/32	21/32	Chord	3/4	1	1	1/32		1/32	1	128									
8	8	95/4	95/4	0.125	11/16	11/16	Chord	3/4	1	1	1/32		1/32	1	129									
8	8	191/8	191/8	0.125	23/32	23/32	Chord	3/4	1	1	1/32		1/32	1	130									
8	8	85/4	85/4	0.25	1/16	1/16	Chord	3/4	2	1	1/16		1/16	1	131									
8	8	43/2	43/2	0.25	1/8	1/8	Chord	3/4	2	1	1/16		1/16	1	132									
8	8	87/4	87/4	0.25	3/16	3/16	Chord	3/4	2	1	1/16		1/16	1	133									
8	8	22	22	0.5	1/4	1/4	Chord	3/4	2	1	1/8		1/8	1	134									
8	8	21	21	1.0	0	0	Chord	3/4	2	2	1/4		1/4	1	135									
8	8	22	22	0.5	1/4	1/4	Chord	3/4	2	2	1/8		1/8	1	136									
9	9	24	24	0.5	0	0	Chord	3/4	1	1	1/8		1/8	1	137									
9	9	49/2	49/2	0.125	1/8	1/8	Chord	3/4	1	1	1/32		1/32	1	138									
9	9	197/8	197/8	0.125	5/32	5/32	Chord	3/4	1	1	1/32		1/32	1	139									
9	9	99/4	99/4	0.125	3/16	3/16	Chord	3/4	1	1	1/32		1/32	1	140									
9	9	199/8	199/8	0.125	7/32	7/32	Chord	3/4	1	1	1/32		1/32	1	141									
9	9	25	25	0.5	1/4	1/4	Chord	3/4	1	1	1/8		1/8	1	142									
9	9	103/4	103/4	0.125	7/16	7/16	Chord	3/4	1	1	1/32		1/32	1	143									
9	9	207/8	207/8	0.125	15/32	15/32	Chord	3/4	1	1	1/32		1/32	1	144									
9	9	26	26	0.125	1/2	1/2	Chord	3/4	1	1	1/32		1/32	1	145									
9	9	209/8	209/8	0.125	17/32	17/32	Chord	3/4	1	1	1/32		1/32	1	146									
9	9	105/4	105/4	0.125	9/16	9/16	Chord	3/4	1	1	1/32		1/32	1	147									
9	9	211/8	211/8	0.125	19/32	19/32	Chord	3/4	1	1	1/32		1/32	1	148									
9	9	53/2	53/2	0.125	5/8	5/8	Chord	3/4	1	1	1/32		1/32	1	149									
9	9	213/8	213/8	0.125	21/32	21/32	Chord	3/4	1	1	1/32		1/32	1	150									
9	9	107/4	107/4	0.125	11/16	11/16	Chord	3/4	1	1	1/32		1/32	1	151									
9	9	215/8	215/8	0.125	23/32	23/32	Chord	3/4	1	1	1/32		1/32	1	152									
9	9	24	24	1.0	0	0	Chord	3/4	2	1	1/4		1/4	1	153									
9	9	25	25	0.5	1/4	1/4	Chord	3/4	2	1	1/8		1/8	1	154									
10	10	27	27	0.0	0	0	Dynamic	3/4	1	1	0					sf								
10	10	27	27	0.5	0	0	Chord	3/4	1	1	1/8		1/8	1	155									
10	10	55/2	55/2	0.125	1/8	1/8	Chord	3/4	1	1	1/32		1/32	1	156									
10	10	221/8	221/8	0.125	5/32	5/32	Chord	3/4	1	1	1/32		1/32	1	157									
10	10	111/4	111/4	0.125	3/16	3/16	Chord	3/4	1	1	1/32		1/32	1	158									
10	10	223/8	223/8	0.125	7/32	7/32	Chord	3/4	1	1	1/32		1/32	1	159									
10	10	28	28	0.5	1/4	1/4	Chord	3/4	1	1	1/8		1/8	1	160									
10	10	57/2	57/2	0.5	3/8	3/8	Chord	3/4	1	1	1/8		1/8	1	161									
10	10	29	29	0.5	1/2	1/2	Chord	3/4	1	1	1/8		1/8	1	162									
10	10	59/2	59/2	0.5	5/8	5/8	Chord	3/4	1	1	1/8		1/8	1	163									
10	10	27	27	1.0	0	0	Chord	3/4	2	1	1/4		1/4	1	164									
10	10	28	28	0.5	1/4	1/4	Chord	3/4	2	1	1/8		1/8	1	165									
10	10	57/2	57/2	0.5	3/8	3/8	Chord	3/4	2	1	1/8		1/8	1	166									
10	10	29	29	0.5	1/2	1/2	Chord	3/4	2	1	1/8		1/8	1	167									
10	10	59/2	59/2	0.5	5/8	5/8	Chord	3/4	2	1	1/8		1/8	1	168									
11	11	30	30	0.5	0	0	Chord	3/4	1	1	1/8		1/8	1	169									
11	11	61/2	61/2	0.0	1/8	1/8	Dynamic	3/4	1	1	0					p								
11	11	61/2	61/2	0.125	1/8	1/8	Chord	3/4	1	1	1/32		1/32	1	170									
11	11	245/8	245/8	0.125	5/32	5/32	Chord	3/4	1	1	1/32		1/32	1	171									
11	11	123/4	123/4	0.125	3/16	3/16	Chord	3/4	1	1	1/32		1/32	1	172									
11	11	247/8	247/8	0.125	7/32	7/32	Chord	3/4	1	1	1/32		1/32	1	173									
11	11	31	31	0.375	1/4	1/4	Chord	3/4	1	1	3/32		1/16	3/2	174									
11	11	251/8	251/8	0.125	11/32	11/32	Chord	3/4	1	1	1/32		1/32	1	175									
11	11	63/2	63/2	0.375	3/8	3/8	Chord	3/4	1	1	3/32		1/16	3/2	176									
11	11	255/8	255/8	0.125	15/32	15/32	Chord	3/4	1	1	1/32		1/32	1	177									
11	11	32	32	0.375	1/2	1/2	Chord	3/4	1	1	3/32		1/16	3/2	178									
11	11	259/8	259/8	0.125	19/32	19/32	Chord	3/4	1	1	1/32		1/32	1	179									
11	11	65/2	65/2	0.375	5/8	5/8	Chord	3/4	1	1	3/32		1/16	3/2	180									
11	11	263/8	263/8	0.125	23/32	23/32	Chord	3/4	1	1	1/32		1/32	1	181									
11	11	30	30	0.5	0	0	Chord	3/4	2	1	1/8		1/8	1	182									
11	11	31	31	1.0	1/4	1/4	Chord	3/4	2	1	1/4		1/4	1	183									
11	11	32	32	1.0	1/2	1/2	Chord	3/4	2	1	1/4		1/4	1	184									
12	12	33	33	0.0	0	0	Dynamic	3/4	1	1	0					sf								
12	12	33	33	1.0	0	0	Chord	3/4	1	1	1/4		1/4	1	185									
12	12	34	34	0.5	1/4	1/4	Chord	3/4	1	1	1/8		1/8	1	186									
12	12	33	33	1.0	0	0	Chord	3/4	2	1	1/4		1/4	1	187									
12	12	34	34	0.5	1/4	1/4	Chord	3/4	2	1	1/8		1/8	1	188									
12	12	69/2	69/2	0.5	3/8	3/8	Chord	3/4	2	1	1/8		1/8	1	189									
12	12	35	35	0.5	1/2	1/2	Chord	3/4	2	1	1/8		1/8	1	190									
12	12	71/2	71/2	0.5	5/8	5/8	Chord	3/4	2	1	1/8		1/8	1	191									
13	13	36	36	0.0	0	0	StaffText	3/4	1	1	0							"<font size=""17.8494""/><font face=""Opus""/>ÔÅî"						
13	13	36	36	0.5	0	0	Chord	3/4	1	1	1/8		1/8	1	192									
13	13	73/2	73/2	0.375	1/8	1/8	Chord	3/4	1	1	3/32		1/16	3/2	193									
13	13	295/8	295/8	0.125	7/32	7/32	Chord	3/4	1	1	1/32		1/32	1	194									
13	13	37	37	0.5	1/4	1/4	Chord	3/4	1	1	1/8		1/8	1	195									
13	13	38	38	0.125	1/2	1/2	Chord	3/4	1	1	1/32		1/32	1	196									
13	13	305/8	305/8	0.125	17/32	17/32	Chord	3/4	1	1	1/32		1/32	1	197									
13	13	153/4	153/4	0.125	9/16	9/16	Chord	3/4	1	1	1/32		1/32	1	198									
13	13	307/8	307/8	0.125	19/32	19/32	Chord	3/4	1	1	1/32		1/32	1	199									
13	13	77/2	77/2	0.125	5/8	5/8	Chord	3/4	1	1	1/32		1/32	1	200									
13	13	309/8	309/8	0.125	21/32	21/32	Chord	3/4	1	1	1/32		1/32	1	201									
13	13	155/4	155/4	0.125	11/16	11/16	Chord	3/4	1	1	1/32		1/32	1	202									
13	13	311/8	311/8	0.125	23/32	23/32	Chord	3/4	1	1	1/32		1/32	1	203									
13	13	36	36	1.0	0	0	Chord	3/4	1	2	1/4		1/4	1	204									
13	13	37	37	0.5	1/4	1/4	Chord	3/4	1	2	1/8		1/8	1	205									
13	13	36	36	1.0	0	0	Chord	3/4	2	1	1/4		1/4	1	206									
13	13	37	37	0.5	1/4	1/4	Chord	3/4	2	1	1/8		1/8	1	207									
14	14	39	39	0.0	0	0	StaffText	3/4	1	1	0							"<font size=""17.8494""/><font face=""Opus""/>ÔÅî"						
14	14	39	39	0.5	0	0	Chord	3/4	1	1	1/8		1/8	1	208									
14	14	79/2	79/2	0.375	1/8	1/8	Chord	3/4	1	1	3/32		1/16	3/2	209									
14	14	319/8	319/8	0.125	7/32	7/32	Chord	3/4	1	1	1/32		1/32	1	210									
14	14	40	40	0.5	1/4	1/4	Chord	3/4	1	1	1/8		1/8	1	211									
14	14	41	41	0.125	1/2	1/2	Chord	3/4	1	1	1/32		1/32	1	212									
14	14	329/8	329/8	0.125	17/32	17/32	Chord	3/4	1	1	1/32		1/32	1	213									
14	14	165/4	165/4	0.125	9/16	9/16	Chord	3/4	1	1	1/32		1/32	1	214									
14	14	331/8	331/8	0.125	19/32	19/32	Chord	3/4	1	1	1/32		1/32	1	215									
14	14	83/2	83/2	0.125	5/8	5/8	Chord	3/4	1	1	1/32		1/32	1	216									
14	14	333/8	333/8	0.125	21/32	21/32	Chord	3/4	1	1	1/32		1/32	1	217									
14	14	167/4	167/4	0.125	11/16	11/16	Chord	3/4	1	1	1/32		1/32	1	218									
14	14	335/8	335/8	0.125	23/32	23/32	Chord	3/4	1	1	1/32		1/32	1	219									
14	14	39	39	1.0	0	0	Chord	3/4	2	1	1/4		1/4	1	220									
14	14	40	40	0.5	1/4	1/4	Chord	3/4	2	1	1/8		1/8	1	221									
15	15	42	42	0.0	0	0	StaffText	3/4	1	1	0							"<font size=""17.8494""/><font face=""Opus""/>ÔÅî"						
15	15	42	42	0.75	0	0	Chord	3/4	1	1	3/16		1/8	3/2	222									
15	15	171/4	171/4	0.25	3/16	3/16	Chord	3/4	1	1	1/16		1/16	1	223									
15	15	43	43	0.25	1/4	1/4	Chord	3/4	1	1	1/16		1/16	1	224									4
15	15	173/4	173/4	0.25	5/16	5/16	Chord	3/4	1	1	1/16		1/16	1	225									
15	15	87/2	87/2	0.25	3/8	3/8	Chord	3/4	1	1	1/16		1/16	1	226									5
15	15	175/4	175/4	0.25	7/16	7/16	Chord	3/4	1	1	1/16		1/16	1	227									
15	15	44	44	0.25	1/2	1/2	Chord	3/4	1	1	1/16		1/16	1	228									6
15	15	177/4	177/4	0.25	9/16	9/16	Chord	3/4	1	1	1/16		1/16	1	229									
15	15	89/2	89/2	0.25	5/8	5/8	Chord	3/4	1	1	1/16		1/16	1	230									7
15	15	179/4	179/4	0.25	11/16	11/16	Chord	3/4	1	1	1/16		1/16	1	231									
15	15	42	42	0.5	0	0	Chord	3/4	2	1	1/8		1/8	1	232									
15	15	85/2	85/2	0.5	1/8	1/8	Chord	3/4	2	1	1/8		1/8	1	233									
15	15	43	43	0.5	1/4	1/4	Chord	3/4	2	1	1/8		1/8	1	234									
15	15	87/2	87/2	0.5	3/8	3/8	Chord	3/4	2	1	1/8		1/8	1	235									
15	15	44	44	0.5	1/2	1/2	Chord	3/4	2	1	1/8		1/8	1	236									
15	15	89/2	89/2	0.25	5/8	5/8	Chord	3/4	2	1	1/16		1/16	1	237									
15	15	179/4	179/4	0.25	11/16	11/16	Chord	3/4	2	1	1/16		1/16	1	238									
15	15	44	44	0.5	1/2	1/2	Chord	3/4	2	2	1/8		1/8	1	239									
15	15	89/2	89/2	0.5	5/8	5/8	Chord	3/4	2	2	1/8		1/8	1	240									
16	16	45	45	0.25	0	0	Chord	3/4	1	1	1/16		1/16	1	241									8
16	16	181/4	181/4	0.25	1/16	1/16	Chord	3/4	1	1	1/16		1/16	1	242									8
16	16	91/2	91/2	0.25	1/8	1/8	Chord	3/4	1	1	1/16		1/16	1	243									8
16	16	183/4	183/4	0.25	3/16	3/16	Chord	3/4	1	1	1/16		1/16	1	244									
16	16	46	46	0.25	1/4	1/4	Chord	3/4	1	1	1/16		1/16	1	245									9
16	16	185/4	185/4	0.25	5/16	5/16	Chord	3/4	1	1	1/16		1/16	1	246									9
16	16	93/2	93/2	0.25	3/8	3/8	Chord	3/4	1	1	1/16		1/16	1	247									9
16	16	187/4	187/4	0.25	7/16	7/16	Chord	3/4	1	1	1/16		1/16	1	248									
16	16	47	47	0.25	1/2	1/2	Chord	3/4	1	1	1/16		1/16	1	249									10
16	16	189/4	189/4	0.25	9/16	9/16	Chord	3/4	1	1	1/16		1/16	1	250									10
16	16	95/2	95/2	0.25	5/8	5/8	Chord	3/4	1	1	1/16		1/16	1	251									10
16	16	191/4	191/4	0.25	11/16	11/16	Chord	3/4	1	1	1/16		1/16	1	252									
16	16	45	45	1.0	0	0	Chord	3/4	2	1	1/4		1/4	1	253									
17	17	48	48	0.75	0	0	Chord	3/4	1	1	3/16		1/8	3/2	254									
17	17	195/4	195/4	0.0	3/16	3/16	StaffText	3/4	1	1	0							"<font size=""17.8494""/><font face=""Opus""/>ÔÅî"						
17	17	195/4	195/4	0.25	3/16	3/16	Chord	3/4	1	1	1/16		1/16	1	255									
17	17	49	49	0.75	1/4	1/4	Chord	3/4	1	1	3/16		1/8	3/2	256									
17	17	199/4	199/4	0.0	7/16	7/16	StaffText	3/4	1	1	0							"<font size=""17.8494""/><font face=""Opus""/>ÔÅî"						
17	17	199/4	199/4	0.25	7/16	7/16	Chord	3/4	1	1	1/16		1/16	1	257									
17	17	50	50	0.25	1/2	1/2	Chord	3/4	1	1	1/16		1/16	1	258									
17	17	201/4	201/4	0.25	9/16	9/16	Chord	3/4	1	1	1/16		1/16	1	259									
17	17	101/2	101/2	0.25	5/8	5/8	Chord	3/4	1	1	1/16		1/16	1	260									
17	17	203/4	203/4	0.25	11/16	11/16	Chord	3/4	1	1	1/16		1/16	1	261									
17	17	193/4	193/4	0.25	1/16	1/16	Chord	3/4	2	1	1/16		1/16	1	262									
17	17	97/2	97/2	0.25	1/8	1/8	Chord	3/4	2	1	1/16		1/16	1	263									
17	17	195/4	195/4	0.25	3/16	3/16	Chord	3/4	2	1	1/16		1/16	1	264									
17	17	197/4	197/4	0.25	5/16	5/16	Chord	3/4	2	1	1/16		1/16	1	265									
17	17	99/2	99/2	0.25	3/8	3/8	Chord	3/4	2	1	1/16		1/16	1	266									
17	17	199/4	199/4	0.25	7/16	7/16	Chord	3/4	2	1	1/16		1/16	1	267									
17	17	201/4	201/4	0.25	9/16	9/16	Chord	3/4	2	1	1/16		1/16	1	268									
17	17	101/2	101/2	0.25	5/8	5/8	Chord	3/4	2	1	1/16		1/16	1	269									
17	17	203/4	203/4	0.25	11/16	11/16	Chord	3/4	2	1	1/16		1/16	1	270									
17	17	48	48	1.0	0	0	Chord	3/4	2	2	1/4		1/4	1	271									
17	17	49	49	1.0	1/4	1/4	Chord	3/4	2	2	1/4		1/4	1	272									
17	17	50	50	1.0	1/2	1/2	Chord	3/4	2	2	1/4		1/4	1	273									
18	18	51	51	0.25	0	0	Chord	3/4	1	1	1/16		1/16	1	274									11
18	18	205/4	205/4	0.25	1/16	1/16	Chord	3/4	1	1	1/16		1/16	1	275									
18	18	103/2	103/2	0.25	1/8	1/8	Chord	3/4	1	1	1/16		1/16	1	276									12
18	18	207/4	207/4	0.25	3/16	3/16	Chord	3/4	1	1	1/16		1/16	1	277									
18	18	52	52	0.25	1/4	1/4	Chord	3/4	1	1	1/16		1/16	1	278									13
18	18	209/4	209/4	0.25	5/16	5/16	Chord	3/4	1	1	1/16		1/16	1	279									13
18	18	105/2	105/2	0.25	3/8	3/8	Chord	3/4	1	1	1/16		1/16	1	280									13
18	18	211/4	211/4	0.25	7/16	7/16	Chord	3/4	1	1	1/16		1/16	1	281									
18	18	53	53	0.25	1/2	1/2	Chord	3/4	1	1	1/16		1/16	1	282									14
18	18	213/4	213/4	0.25	9/16	9/16	Chord	3/4	1	1	1/16		1/16	1	283									14
18	18	107/2	107/2	0.25	5/8	5/8	Chord	3/4	1	1	1/16		1/16	1	284									14
18	18	215/4	215/4	0.25	11/16	11/16	Chord	3/4	1	1	1/16		1/16	1	285									
18	18	205/4	205/4	0.25	1/16	1/16	Chord	3/4	2	1	1/16		1/16	1	286									
18	18	103/2	103/2	0.25	1/8	1/8	Chord	3/4	2	1	1/16		1/16	1	287									
18	18	207/4	207/4	0.25	3/16	3/16	Chord	3/4	2	1	1/16		1/16	1	288									
18	18	209/4	209/4	0.25	5/16	5/16	Chord	3/4	2	1	1/16		1/16	1	289									
18	18	105/2	105/2	0.25	3/8	3/8	Chord	3/4	2	1	1/16		1/16	1	290									
18	18	211/4	211/4	0.25	7/16	7/16	Chord	3/4	2	1	1/16		1/16	1	291									
18	18	213/4	213/4	0.25	9/16	9/16	Chord	3/4	2	1	1/16		1/16	1	292									
18	18	107/2	107/2	0.25	5/8	5/8	Chord	3/4	2	1	1/16		1/16	1	293									
18	18	215/4	215/4	0.25	11/16	11/16	Chord	3/4	2	1	1/16		1/16	1	294									
18	18	51	51	1.0	0	0	Chord	3/4	2	2	1/4		1/4	1	295									
18	18	52	52	1.0	1/4	1/4	Chord	3/4	2	2	1/4		1/4	1	296									
18	18	53	53	1.0	1/2	1/2	Chord	3/4	2	2	1/4		1/4	1	297									
19	19	54	54	0.75	0	0	Chord	3/4	1	1	3/16		1/8	3/2	298									
19	19	219/4	219/4	0.0	3/16	3/16	StaffText	3/4	1	1	0							"<font size=""17.8494""/><font face=""Opus""/>ÔÅî"						
19	19	219/4	219/4	0.25	3/16	3/16	Chord	3/4	1	1	1/16		1/16	1	299									
19	19	55	55	0.75	1/4	1/4	Chord	3/4	1	1	3/16		1/8	3/2	300									
19	19	223/4	223/4	0.0	7/16	7/16	StaffText	3/4	1	1	0							"<font size=""17.8494""/><font face=""Opus""/>ÔÅî"						
19	19	223/4	223/4	0.25	7/16	7/16	Chord	3/4	1	1	1/16		1/16	1	301									
19	19	56	56	0.25	1/2	1/2	Chord	3/4	1	1	1/16		1/16	1	302									
19	19	225/4	225/4	0.25	9/16	9/16	Chord	3/4	1	1	1/16		1/16	1	303									
19	19	113/2	113/2	0.25	5/8	5/8	Chord	3/4	1	1	1/16		1/16	1	304									
19	19	227/4	227/4	0.25	11/16	11/16	Chord	3/4	1	1	1/16		1/16	1	305									
19	19	217/4	217/4	0.25	1/16	1/16	Chord	3/4	2	1	1/16		1/16	1	306									
19	19	109/2	109/2	0.25	1/8	1/8	Chord	3/4	2	1	1/16		1/16	1	307									
19	19	219/4	219/4	0.25	3/16	3/16	Chord	3/4	2	1	1/16		1/16	1	308									
19	19	221/4	221/4	0.25	5/16	5/16	Chord	3/4	2	1	1/16		1/16	1	309									
19	19	111/2	111/2	0.25	3/8	3/8	Chord	3/4	2	1	1/16		1/16	1	310									
19	19	223/4	223/4	0.25	7/16	7/16	Chord	3/4	2	1	1/16		1/16	1	311									
19	19	225/4	225/4	0.25	9/16	9/16	Chord	3/4	2	1	1/16		1/16	1	312									
19	19	113/2	113/2	0.25	5/8	5/8	Chord	3/4	2	1	1/16		1/16	1	313									
19	19	227/4	227/4	0.25	11/16	11/16	Chord	3/4	2	1	1/16		1/16	1	314									
19	19	54	54	1.0	0	0	Chord	3/4	2	2	1/4		1/4	1	315									
19	19	55	55	1.0	1/4	1/4	Chord	3/4	2	2	1/4		1/4	1	316									
19	19	56	56	1.0	1/2	1/2	Chord	3/4	2	2	1/4		1/4	1	317									
20	20	57	57	0.125	0	0	Chord	3/4	1	1	1/32		1/32	1	318									
20	20	457/8	457/8	0.125	1/32	1/32	Chord	3/4	1	1	1/32		1/32	1	319									
20	20	229/4	229/4	0.125	1/16	1/16	Chord	3/4	1	1	1/32		1/32	1	320									
20	20	459/8	459/8	0.125	3/32	3/32	Chord	3/4	1	1	1/32		1/32	1	321									
20	20	115/2	115/2	0.125	1/8	1/8	Chord	3/4	1	1	1/32		1/32	1	322									
20	20	461/8	461/8	0.125	5/32	5/32	Chord	3/4	1	1	1/32		1/32	1	323									
20	20	231/4	231/4	0.125	3/16	3/16	Chord	3/4	1	1	1/32		1/32	1	324									
20	20	463/8	463/8	0.125	7/32	7/32	Chord	3/4	1	1	1/32		1/32	1	325									
20	20	58	58	0.125	1/4	1/4	Chord	3/4	1	1	1/32		1/32	1	326									
20	20	465/8	465/8	0.125	9/32	9/32	Chord	3/4	1	1	1/32		1/32	1	327									
20	20	233/4	233/4	0.125	5/16	5/16	Chord	3/4	1	1	1/32		1/32	1	328									
20	20	467/8	467/8	0.125	11/32	11/32	Chord	3/4	1	1	1/32		1/32	1	329									
20	20	117/2	117/2	0.125	3/8	3/8	Chord	3/4	1	1	1/32		1/32	1	330									
20	20	469/8	469/8	0.125	13/32	13/32	Chord	3/4	1	1	1/32		1/32	1	331									
20	20	235/4	235/4	0.125	7/16	7/16	Chord	3/4	1	1	1/32		1/32	1	332									
20	20	471/8	471/8	0.125	15/32	15/32	Chord	3/4	1	1	1/32		1/32	1	333									
20	20	59	59	0.125	1/2	1/2	Chord	3/4	1	1	1/32		1/32	1	334									
20	20	473/8	473/8	0.125	17/32	17/32	Chord	3/4	1	1	1/32		1/32	1	335									
20	20	237/4	237/4	0.125	9/16	9/16	Chord	3/4	1	1	1/32		1/32	1	336									
20	20	475/8	475/8	0.125	19/32	19/32	Chord	3/4	1	1	1/32		1/32	1	337									
20	20	119/2	119/2	0.125	5/8	5/8	Chord	3/4	1	1	1/32		1/32	1	338									
20	20	477/8	477/8	0.125	21/32	21/32	Chord	3/4	1	1	1/32		1/32	1	339									
20	20	239/4	239/4	0.125	11/16	11/16	Chord	3/4	1	1	1/32		1/32	1	340									
20	20	479/8	479/8	0.125	23/32	23/32	Chord	3/4	1	1	1/32		1/32	1	341									
20	20	229/4	229/4	0.25	1/16	1/16	Chord	3/4	2	1	1/16		1/16	1	342									
20	20	115/2	115/2	0.25	1/8	1/8	Chord	3/4	2	1	1/16		1/16	1	343									
20	20	231/4	231/4	0.25	3/16	3/16	Chord	3/4	2	1	1/16		1/16	1	344									
20	20	233/4	233/4	0.25	5/16	5/16	Chord	3/4	2	1	1/16		1/16	1	345									
20	20	117/2	117/2	0.25	3/8	3/8	Chord	3/4	2	1	1/16		1/16	1	346									
20	20	235/4	235/4	0.25	7/16	7/16	Chord	3/4	2	1	1/16		1/16	1	347									
20	20	237/4	237/4	0.25	9/16	9/16	Chord	3/4	2	1	1/16		1/16	1	348									
20	20	119/2	119/2	0.25	5/8	5/8	Chord	3/4	2	1	1/16		1/16	1	349									
20	20	239/4	239/4	0.25	11/16	11/16	Chord	3/4	2	1	1/16		1/16	1	350									
20	20	57	57	1.0	0	0	Chord	3/4	2	2	1/4		1/4	1	351									
20	20	58	58	1.0	1/4	1/4	Chord	3/4	2	2	1/4		1/4	1	352									
20	20	59	59	1.0	1/2	1/2	Chord	3/4	2	2	1/4		1/4	1	353									
21	21	60	60	0.125	0	0	Chord	3/4	1	1	1/32		1/32	1	354									
21	21	481/8	481/8	0.125	1/32	1/32	Chord	3/4	1	1	1/32		1/32	1	355									
21	21	241/4	241/4	0.125	1/16	1/16	Chord	3/4	1	1	1/32		1/32	1	356									
21	21	483/8	483/8	0.125	3/32	3/32	Chord	3/4	1	1	1/32		1/32	1	357									
21	21	121/2	121/2	0.125	1/8	1/8	Chord	3/4	1	1	1/32		1/32	1	358									
21	21	485/8	485/8	0.125	5/32	5/32	Chord	3/4	1	1	1/32		1/32	1	359									
21	21	243/4	243/4	0.125	3/16	3/16	Chord	3/4	1	1	1/32		1/32	1	360									
21	21	487/8	487/8	0.125	7/32	7/32	Chord	3/4	1	1	1/32		1/32	1	361									
21	21	61	61	0.125	1/4	1/4	Chord	3/4	1	1	1/32		1/32	1	362									
21	21	489/8	489/8	0.125	9/32	9/32	Chord	3/4	1	1	1/32		1/32	1	363									
21	21	245/4	245/4	0.125	5/16	5/16	Chord	3/4	1	1	1/32		1/32	1	364									
21	21	491/8	491/8	0.125	11/32	11/32	Chord	3/4	1	1	1/32		1/32	1	365									
21	21	123/2	123/2	0.125	3/8	3/8	Chord	3/4	1	1	1/32		1/32	1	366									
21	21	493/8	493/8	0.125	13/32	13/32	Chord	3/4	1	1	1/32		1/32	1	367									
21	21	247/4	247/4	0.125	7/16	7/16	Chord	3/4	1	1	1/32		1/32	1	368									
21	21	495/8	495/8	0.125	15/32	15/32	Chord	3/4	1	1	1/32		1/32	1	369									
21	21	62	62	0.125	1/2	1/2	Chord	3/4	1	1	1/32		1/32	1	370									
21	21	497/8	497/8	0.125	17/32	17/32	Chord	3/4	1	1	1/32		1/32	1	371									
21	21	249/4	249/4	0.125	9/16	9/16	Chord	3/4	1	1	1/32		1/32	1	372									
21	21	499/8	499/8	0.125	19/32	19/32	Chord	3/4	1	1	1/32		1/32	1	373									
21	21	125/2	125/2	0.125	5/8	5/8	Chord	3/4	1	1	1/32		1/32	1	374									
21	21	501/8	501/8	0.125	21/32	21/32	Chord	3/4	1	1	1/32		1/32	1	375									
21	21	251/4	251/4	0.125	11/16	11/16	Chord	3/4	1	1	1/32		1/32	1	376									
21	21	503/8	503/8	0.125	23/32	23/32	Chord	3/4	1	1	1/32		1/32	1	377									
21	21	60	60	0.5	0	0	Chord	3/4	2	1	1/8		1/8	1	378									
21	21	61	61	0.75	1/4	1/4	Chord	3/4	2	1	3/16		1/8	3/2	379									
21	21	247/4	247/4	0.25	7/16	7/16	Chord	3/4	2	1	1/16		1/16	1	380									
21	21	62	62	0.75	1/2	1/2	Chord	3/4	2	1	3/16		1/8	3/2	381									
21	21	251/4	251/4	0.25	11/16	11/16	Chord	3/4	2	1	1/16		1/16	1	382									
22	22	63	63	1.0	0	0	Chord	3/4	1	1	1/4		1/4	1	383									
22	22	129/2	129/2	0.0	3/8	3/8	Dynamic	3/4	1	1	0					p								
22	22	129/2	129/2	0.5	3/8	3/8	Chord	3/4	1	1	1/8		1/8	1	384									15
22	22	65	65	0.5	1/2	1/2	Chord	3/4	1	1	1/8		1/8	1	385									15
22	22	131/2	131/2	0.5	5/8	5/8	Chord	3/4	1	1	1/8		1/8	1	386									
22	22	63	63	1.0	0	0	Chord	3/4	2	1	1/4		1/4	1	387									
22	22	129/2	129/2	0.5	3/8	3/8	Chord	3/4	2	1	1/8		1/8	1	388									
22	22	65	65	0.5	1/2	1/2	Chord	3/4	2	1	1/8		1/8	1	389									
22	22	131/2	131/2	0.5	5/8	5/8	Chord	3/4	2	1	1/8		1/8	1	390									
23	23	66	66	0.375	0	0	Chord	3/4	1	1	3/32		1/16	3/2	391									
23	23	531/8	531/8	0.125	3/32	3/32	Chord	3/4	1	1	1/32		1/32	1	392									
23	23	133/2	133/2	0.125	1/8	1/8	Chord	3/4	1	1	1/32		1/32	1	393									
23	23	533/8	533/8	0.125	5/32	5/32	Chord	3/4	1	1	1/32		1/32	1	394									
23	23	267/4	267/4	0.125	3/16	3/16	Chord	3/4	1	1	1/32		1/32	1	395									
23	23	535/8	535/8	0.125	7/32	7/32	Chord	3/4	1	1	1/32		1/32	1	396									
23	23	67	67	0.5	1/4	1/4	Chord	3/4	1	1	1/8		1/8	1	397									
23	23	135/2	135/2	0.5	3/8	3/8	Chord	3/4	1	1	1/8		1/8	1	398									
23	23	547/8	547/8	0.125	19/32	19/32	Chord	3/4	1	1	1/32		1/32	1	399									
23	23	137/2	137/2	0.375	5/8	5/8	Chord	3/4	1	1	3/32		1/16	3/2	400									
23	23	551/8	551/8	0.125	23/32	23/32	Chord	3/4	1	1	1/32		1/32	1	401									
23	23	66	66	0.5	0	0	Chord	3/4	2	1	1/8		1/8	1	402									
23	23	133/2	133/2	0.5	1/8	1/8	Chord	3/4	2	1	1/8		1/8	1	403									
23	23	67	67	1.0	1/4	1/4	Chord	3/4	2	1	1/4		1/4	1	404									
23	23	68	68	1.0	1/2	1/2	Chord	3/4	2	1	1/4		1/4	1	405									
23	23	66	66	1.0	0	0	Chord	3/4	2	2	1/4		1/4	1	406									
24	24	69	69	1.0	0	0	Chord	3/4	1	1	1/4		1/4	1	407									
24	24	70	70	0.5	1/4	1/4	Chord	3/4	1	1	1/8		1/8	1	408									
24	24	69	69	1.5	0	0	Chord	3/4	2	1	3/8		1/4	3/2	409									
24	24	141/2	141/2	0.5	3/8	3/8	Chord	3/4	2	1	1/8		1/8	1	410									
24	24	71	71	0.5	1/2	1/2	Chord	3/4	2	1	1/8		1/8	1	411									
24	24	143/2	143/2	0.5	5/8	5/8	Chord	3/4	2	1	1/8		1/8	1	412									
25	25	145/2	145/2	0.5	1/8	1/8	Chord	3/4	1	1	1/8		1/8	1	413									
25	25	73	73	0.16666666666666666	1/4	1/4	Chord	3/4	1	1	1/24		1/16	2/3	414									16
25	25	439/6	439/6	0.16666666666666666	7/24	7/24	Chord	3/4	1	1	1/24		1/16	2/3	415									16
25	25	220/3	220/3	0.16666666666666666	1/3	1/3	Chord	3/4	1	1	1/24		1/16	2/3	416									16
25	25	147/2	147/2	0.16666666666666666	3/8	3/8	Chord	3/4	1	1	1/24		1/16	2/3	417									16
25	25	221/3	221/3	0.16666666666666666	5/12	5/12	Chord	3/4	1	1	1/24		1/16	2/3	418									16
25	25	443/6	443/6	0.16666666666666666	11/24	11/24	Chord	3/4	1	1	1/24		1/16	2/3	419									
25	25	74	74	0.16666666666666666	1/2	1/2	Chord	3/4	1	1	1/24		1/16	2/3	420									17
25	25	445/6	445/6	0.16666666666666666	13/24	13/24	Chord	3/4	1	1	1/24		1/16	2/3	421									17
25	25	223/3	223/3	0.16666666666666666	7/12	7/12	Chord	3/4	1	1	1/24		1/16	2/3	422									17
25	25	149/2	149/2	0.16666666666666666	5/8	5/8	Chord	3/4	1	1	1/24		1/16	2/3	423									17
25	25	224/3	224/3	0.16666666666666666	2/3	2/3	Chord	3/4	1	1	1/24		1/16	2/3	424									17
25	25	449/6	449/6	0.16666666666666666	17/24	17/24	Chord	3/4	1	1	1/24		1/16	2/3	425									
25	25	72	72	1.0	0	0	Chord	3/4	2	1	1/4		1/4	1	426									
25	25	73	73	1.0	1/4	1/4	Chord	3/4	2	1	1/4		1/4	1	427									
26	26	75	75	0.75	0	0	Chord	3/4	1	1	3/16		1/8	3/2	428									
26	26	303/4	303/4	0.25	3/16	3/16	Chord	3/4	1	1	1/16		1/16	1	429									
26	26	76	76	0.5	1/4	1/4	Chord	3/4	1	1	1/8		1/8	1	430									
26	26	75	75	1.5	0	0	Chord	3/4	2	1	3/8		1/4	3/2	431									
26	26	153/2	153/2	0.5	3/8	3/8	Chord	3/4	2	1	1/8		1/8	1	432									
26	26	77	77	0.5	1/2	1/2	Chord	3/4	2	1	1/8		1/8	1	433									
26	26	155/2	155/2	0.5	5/8	5/8	Chord	3/4	2	1	1/8		1/8	1	434									
27	27	157/2	157/2	0.5	1/8	1/8	Chord	3/4	1	1	1/8		1/8	1	435									
27	27	79	79	0.16666666666666666	1/4	1/4	Chord	3/4	1	1	1/24		1/16	2/3	436									18
27	27	475/6	475/6	0.16666666666666666	7/24	7/24	Chord	3/4	1	1	1/24		1/16	2/3	437									18
27	27	238/3	238/3	0.16666666666666666	1/3	1/3	Chord	3/4	1	1	1/24		1/16	2/3	438									18
27	27	159/2	159/2	0.16666666666666666	3/8	3/8	Chord	3/4	1	1	1/24		1/16	2/3	439									18
27	27	239/3	239/3	0.16666666666666666	5/12	5/12	Chord	3/4	1	1	1/24		1/16	2/3	440									18
27	27	479/6	479/6	0.16666666666666666	11/24	11/24	Chord	3/4	1	1	1/24		1/16	2/3	441									
27	27	80	80	0.16666666666666666	1/2	1/2	Chord	3/4	1	1	1/24		1/16	2/3	442									19
27	27	481/6	481/6	0.16666666666666666	13/24	13/24	Chord	3/4	1	1	1/24		1/16	2/3	443									19
27	27	241/3	241/3	0.16666666666666666	7/12	7/12	Chord	3/4	1	1	1/24		1/16	2/3	444									19
27	27	161/2	161/2	0.16666666666666666	5/8	5/8	Chord	3/4	1	1	1/24		1/16	2/3	445									19
27	27	242/3	242/3	0.16666666666666666	2/3	2/3	Chord	3/4	1	1	1/24		1/16	2/3	446									19
27	27	485/6	485/6	0.16666666666666666	17/24	17/24	Chord	3/4	1	1	1/24		1/16	2/3	447									
27	27	78	78	1.0	0	0	Chord	3/4	2	1	1/4		1/4	1	448									
27	27	79	79	1.0	1/4	1/4	Chord	3/4	2	1	1/4		1/4	1	449									
28	28	81	81	0.75	0	0	Chord	3/4	1	1	3/16		1/8	3/2	450									
28	28	327/4	327/4	0.25	3/16	3/16	Chord	3/4	1	1	1/16		1/16	1	451									
28	28	82	82	0.5	1/4	1/4	Chord	3/4	1	1	1/8		1/8	1	452									
28	28	165/2	165/2	0.5	3/8	3/8	Chord	3/4	1	1	1/8		1/8	1	453									
28	28	83	83	0.5	1/2	1/2	Chord	3/4	1	1	1/8		1/8	1	454									
28	28	167/2	167/2	0.5	5/8	5/8	Chord	3/4	1	1	1/8		1/8	1	455									
28	28	81	81	1.5	0	0	Chord	3/4	2	1	3/8		1/4	3/2	456									
28	28	165/2	165/2	0.5	3/8	3/8	Chord	3/4	2	1	1/8		1/8	1	457									
28	28	83	83	0.5	1/2	1/2	Chord	3/4	2	1	1/8		1/8	1	458									
28	28	167/2	167/2	0.5	5/8	5/8	Chord	3/4	2	1	1/8		1/8	1	459									
29	29	84	84	1.0	0	0	Chord	3/4	1	1	1/4		1/4	1	460									
29	29	85	85	0.0	1/4	1/4	StaffText	3/4	1	1	0							"<font size=""17.8494""/><font face=""Opus""/>ÔÅî"						
29	29	85	85	0.25	1/4	1/4	Chord	3/4	1	1	1/16		1/16	1	461									
29	29	341/4	341/4	0.25	5/16	5/16	Chord	3/4	1	1	1/16		1/16	1	462									
29	29	171/2	171/2	0.25	3/8	3/8	Chord	3/4	1	1	1/16		1/16	1	463									
29	29	343/4	343/4	0.25	7/16	7/16	Chord	3/4	1	1	1/16		1/16	1	464									
29	29	86	86	0.25	1/2	1/2	Chord	3/4	1	1	1/16		1/16	1	465									
29	29	345/4	345/4	0.25	9/16	9/16	Chord	3/4	1	1	1/16		1/16	1	466									
29	29	173/2	173/2	0.25	5/8	5/8	Chord	3/4	1	1	1/16		1/16	1	467									
29	29	347/4	347/4	0.25	11/16	11/16	Chord	3/4	1	1	1/16		1/16	1	468									
29	29	84	84	1.0	0	0	Chord	3/4	2	1	1/4		1/4	1	469									
29	29	85	85	0.5	1/4	1/4	Chord	3/4	2	1	1/8		1/8	1	470									
29	29	171/2	171/2	0.5	3/8	3/8	Chord	3/4	2	1	1/8		1/8	1	471									
29	29	86	86	0.5	1/2	1/2	Chord	3/4	2	1	1/8		1/8	1	472									
29	29	173/2	173/2	0.5	5/8	5/8	Chord	3/4	2	1	1/8		1/8	1	473									
30	30	87	87	0.75	0	0	Chord	3/4	1	1	3/16		1/8	3/2	474									
30	30	351/4	351/4	0.08333333333333333	3/16	3/16	Chord	3/4	1	1	1/48		1/32	2/3	475									20
30	30	527/6	527/6	0.08333333333333333	5/24	5/24	Chord	3/4	1	1	1/48		1/32	2/3	476									20
30	30	1055/12	1055/12	0.08333333333333333	11/48	11/48	Chord	3/4	1	1	1/48		1/32	2/3	477									
30	30	88	88	0.25	1/4	1/4	Chord	3/4	1	1	1/16		1/16	1	478									
30	30	353/4	353/4	0.25	5/16	5/16	Chord	3/4	1	1	1/16		1/16	1	479									21
30	30	177/2	177/2	0.25	3/8	3/8	Chord	3/4	1	1	1/16		1/16	1	480									21
30	30	355/4	355/4	0.25	7/16	7/16	Chord	3/4	1	1	1/16		1/16	1	481									21
30	30	89	89	0.25	1/2	1/2	Chord	3/4	1	1	1/16		1/16	1	482									21
30	30	357/4	357/4	0.25	9/16	9/16	Chord	3/4	1	1	1/16		1/16	1	483									21
30	30	179/2	179/2	0.25	5/8	5/8	Chord	3/4	1	1	1/16		1/16	1	484									21
30	30	359/4	359/4	0.25	11/16	11/16	Chord	3/4	1	1	1/16		1/16	1	485									
30	30	87	87	1.0	0	0	Chord	3/4	2	1	1/4		1/4	1	486									
30	30	88	88	0.5	1/4	1/4	Chord	3/4	2	1	1/8		1/8	1	487									
31	31	90	90	0.375	0	0	Chord	3/4	1	1	3/32		1/16	3/2	488									
31	31	723/8	723/8	0.125	3/32	3/32	Chord	3/4	1	1	1/32		1/32	1	489									
31	31	181/2	181/2	0.375	1/8	1/8	Chord	3/4	1	1	3/32		1/16	3/2	490									
31	31	727/8	727/8	0.125	7/32	7/32	Chord	3/4	1	1	1/32		1/32	1	491									
31	31	91	91	0.25	1/4	1/4	Chord	3/4	1	1	1/16		1/16	1	492									
31	31	365/4	365/4	0.25	5/16	5/16	Chord	3/4	1	1	1/16		1/16	1	493									22
31	31	183/2	183/2	0.25	3/8	3/8	Chord	3/4	1	1	1/16		1/16	1	494									22
31	31	367/4	367/4	0.25	7/16	7/16	Chord	3/4	1	1	1/16		1/16	1	495									22
31	31	92	92	0.25	1/2	1/2	Chord	3/4	1	1	1/16		1/16	1	496									22
31	31	369/4	369/4	0.25	9/16	9/16	Chord	3/4	1	1	1/16		1/16	1	497									22
31	31	185/2	185/2	0.25	5/8	5/8	Chord	3/4	1	1	1/16		1/16	1	498									22
31	31	371/4	371/4	0.25	11/16	11/16	Chord	3/4	1	1	1/16		1/16	1	499									
31	31	90	90	2.0	0	0	Chord	3/4	2	1	1/2		1/2	1	500									
31	31	92	92	1.0	1/2	1/2	Chord	3/4	2	1	1/4		1/4	1	501									
32	32	93	93	0.375	0	0	Chord	3/4	1	1	3/32		1/16	3/2	502									
32	32	747/8	747/8	0.125	3/32	3/32	Chord	3/4	1	1	1/32		1/32	1	503									
32	32	187/2	187/2	0.375	1/8	1/8	Chord	3/4	1	1	3/32		1/16	3/2	504									
32	32	751/8	751/8	0.125	7/32	7/32	Chord	3/4	1	1	1/32		1/32	1	505									
32	32	94	94	0.16666666666666666	1/4	1/4	Chord	3/4	1	1	1/24		1/16	2/3	506									23
32	32	565/6	565/6	0.16666666666666666	7/24	7/24	Chord	3/4	1	1	1/24		1/16	2/3	507									23
32	32	283/3	283/3	0.16666666666666666	1/3	1/3	Chord	3/4	1	1	1/24		1/16	2/3	508									23
32	32	189/2	189/2	0.16666666666666666	3/8	3/8	Chord	3/4	1	1	1/24		1/16	2/3	509									23
32	32	284/3	284/3	0.16666666666666666	5/12	5/12	Chord	3/4	1	1	1/24		1/16	2/3	510									23
32	32	569/6	569/6	0.16666666666666666	11/24	11/24	Chord	3/4	1	1	1/24		1/16	2/3	511									23
32	32	95	95	0.16666666666666666	1/2	1/2	Chord	3/4	1	1	1/24		1/16	2/3	512									23
32	32	571/6	571/6	0.16666666666666666	13/24	13/24	Chord	3/4	1	1	1/24		1/16	2/3	513									23
32	32	286/3	286/3	0.16666666666666666	7/12	7/12	Chord	3/4	1	1	1/24		1/16	2/3	514									23
32	32	191/2	191/2	0.16666666666666666	5/8	5/8	Chord	3/4	1	1	1/24		1/16	2/3	515									23
32	32	287/3	287/3	0.16666666666666666	2/3	2/3	Chord	3/4	1	1	1/24		1/16	2/3	516									23
32	32	575/6	575/6	0.16666666666666666	17/24	17/24	Chord	3/4	1	1	1/24		1/16	2/3	517									
32	32	93	93	1.5	0	0	Chord	3/4	2	1	3/8		1/4	3/2	518									
33	33	96	96	0.16666666666666666	0	0	Chord	3/4	1	1	1/24		1/16	2/3	519									
33	33	577/6	577/6	0.16666666666666666	1/24	1/24	Chord	3/4	1	1	1/24		1/16	2/3	520									
33	33	289/3	289/3	0.16666666666666666	1/12	1/12	Chord	3/4	1	1	1/24		1/16	2/3	521									
33	33	193/2	193/2	0.16666666666666666	1/8	1/8	Chord	3/4	1	1	1/24		1/16	2/3	522									
33	33	290/3	290/3	0.16666666666666666	1/6	1/6	Chord	3/4	1	1	1/24		1/16	2/3	523									
33	33	581/6	581/6	0.16666666666666666	5/24	5/24	Chord	3/4	1	1	1/24		1/16	2/3	524									
33	33	97	97	0.16666666666666666	1/4	1/4	Chord	3/4	1	1	1/24		1/16	2/3	525									
33	33	583/6	583/6	0.16666666666666666	7/24	7/24	Chord	3/4	1	1	1/24		1/16	2/3	526									
33	33	292/3	292/3	0.16666666666666666	1/3	1/3	Chord	3/4	1	1	1/24		1/16	2/3	527									
33	33	195/2	195/2	0.16666666666666666	3/8	3/8	Chord	3/4	1	1	1/24		1/16	2/3	528									
33	33	293/3	293/3	0.16666666666666666	5/12	5/12	Chord	3/4	1	1	1/24		1/16	2/3	529									
33	33	587/6	587/6	0.16666666666666666	11/24	11/24	Chord	3/4	1	1	1/24		1/16	2/3	530									
33	33	98	98	0.16666666666666666	1/2	1/2	Chord	3/4	1	1	1/24		1/16	2/3	531									
33	33	589/6	589/6	0.16666666666666666	13/24	13/24	Chord	3/4	1	1	1/24		1/16	2/3	532									
33	33	295/3	295/3	0.16666666666666666	7/12	7/12	Chord	3/4	1	1	1/24		1/16	2/3	533									
33	33	197/2	197/2	0.16666666666666666	5/8	5/8	Chord	3/4	1	1	1/24		1/16	2/3	534									
33	33	296/3	296/3	0.16666666666666666	2/3	2/3	Chord	3/4	1	1	1/24		1/16	2/3	535									
33	33	593/6	593/6	0.16666666666666666	17/24	17/24	Chord	3/4	1	1	1/24		1/16	2/3	536									
34	34	99	99	1.0	0	0	Chord	3/4	1	1	1/4		1/4	1	537									
34	34	100	100	0.0	1/4	1/4	StaffText	3/4	1	1	0							"<font size=""17.8494""/><font face=""Opus""/>ÔÅî"						
34	34	100	100	0.0	1/4	1/4	Chord	3/4	1	1	0	grace16	1/16	1	538									
34	34	100	100	0.5	1/4	1/4	Chord	3/4	1	1	1/8		1/8	1	539									
34	34	201/2	201/2	0.25	3/8	3/8	Chord	3/4	1	1	1/16		1/16	1	540									
34	34	403/4	403/4	0.25	7/16	7/16	Chord	3/4	1	1	1/16		1/16	1	541									
34	34	101	101	0.25	1/2	1/2	Chord	3/4	1	1	1/16		1/16	1	542									
34	34	405/4	405/4	0.25	9/16	9/16	Chord	3/4	1	1	1/16		1/16	1	543									24
34	34	203/2	203/2	0.25	5/8	5/8	Chord	3/4	1	1	1/16		1/16	1	544									24
34	34	407/4	407/4	0.25	11/16	11/16	Chord	3/4	1	1	1/16		1/16	1	545									
34	34	99	99	1.0	0	0	Chord	3/4	1	2	1/4		1/4	1	546									
34	34	100	100	1.0	1/4	1/4	Chord	3/4	1	2	1/4		1/4	1	547									
34	34	101	101	0.25	1/2	1/2	Chord	3/4	1	2	1/16		1/16	1	548									
34	34	99	99	1.0	0	0	Chord	3/4	2	1	1/4		1/4	1	549									
34	34	100	100	1.0	1/4	1/4	Chord	3/4	2	1	1/4		1/4	1	550									
34	34	101	101	1.0	1/2	1/2	Chord	3/4	2	1	1/4		1/4	1	551									
35	35	102	102	0.5	0	0	Chord	3/4	1	1	1/8		1/8	1	552									
35	35	205/2	205/2	0.125	1/8	1/8	Chord	3/4	1	1	1/32		1/32	1	553									
35	35	821/8	821/8	0.125	5/32	5/32	Chord	3/4	1	1	1/32		1/32	1	554									
35	35	411/4	411/4	0.125	3/16	3/16	Chord	3/4	1	1	1/32		1/32	1	555									
35	35	823/8	823/8	0.125	7/32	7/32	Chord	3/4	1	1	1/32		1/32	1	556									
35	35	103	103	0.5	1/4	1/4	Chord	3/4	1	1	1/8		1/8	1	557									
35	35	104	104	0.125	1/2	1/2	Chord	3/4	1	1	1/32		1/32	1	558									
35	35	833/8	833/8	0.125	17/32	17/32	Chord	3/4	1	1	1/32		1/32	1	559									
35	35	417/4	417/4	0.125	9/16	9/16	Chord	3/4	1	1	1/32		1/32	1	560									
35	35	835/8	835/8	0.125	19/32	19/32	Chord	3/4	1	1	1/32		1/32	1	561									
35	35	209/2	209/2	0.25	5/8	5/8	Chord	3/4	1	1	1/16		1/16	1	562									
35	35	419/4	419/4	0.25	11/16	11/16	Chord	3/4	1	1	1/16		1/16	1	563									
35	35	102	102	1.0	0	0	Chord	3/4	1	2	1/4		1/4	1	564									
35	35	103	103	0.5	1/4	1/4	Chord	3/4	1	2	1/8		1/8	1	565									
35	35	102	102	1.0	0	0	Chord	3/4	2	1	1/4		1/4	1	566									
35	35	103	103	0.5	1/4	1/4	Chord	3/4	2	1	1/8		1/8	1	567									
35	35	209/2	209/2	0.5	5/8	5/8	Chord	3/4	2	1	1/8		1/8	1	568									
36	36	105	105	0.375	0	0	Chord	3/4	1	1	3/32		1/16	3/2	569									
36	36	843/8	843/8	0.125	3/32	3/32	Chord	3/4	1	1	1/32		1/32	1	570									
36	36	211/2	211/2	0.375	1/8	1/8	Chord	3/4	1	1	3/32		1/16	3/2	571									
36	36	847/8	847/8	0.125	7/32	7/32	Chord	3/4	1	1	1/32		1/32	1	572									
36	36	106	106	0.5	1/4	1/4	Chord	3/4	1	1	1/8		1/8	1	573									
36	36	107	107	0.125	1/2	1/2	Chord	3/4	1	1	1/32		1/32	1	574									
36	36	857/8	857/8	0.125	17/32	17/32	Chord	3/4	1	1	1/32		1/32	1	575									
36	36	429/4	429/4	0.125	9/16	9/16	Chord	3/4	1	1	1/32		1/32	1	576									
36	36	859/8	859/8	0.125	19/32	19/32	Chord	3/4	1	1	1/32		1/32	1	577									
36	36	215/2	215/2	0.25	5/8	5/8	Chord	3/4	1	1	1/16		1/16	1	578									
36	36	431/4	431/4	0.25	11/16	11/16	Chord	3/4	1	1	1/16		1/16	1	579									
36	36	105	105	1.5	0	0	Chord	3/4	2	1	3/8		1/4	3/2	580									
36	36	215/2	215/2	0.5	5/8	5/8	Chord	3/4	2	1	1/8		1/8	1	581									
37	37	108	108	0.375	0	0	Chord	3/4	1	1	3/32		1/16	3/2	582									
37	37	867/8	867/8	0.125	3/32	3/32	Chord	3/4	1	1	1/32		1/32	1	583									
37	37	217/2	217/2	0.375	1/8	1/8	Chord	3/4	1	1	3/32		1/16	3/2	584									
37	37	871/8	871/8	0.125	7/32	7/32	Chord	3/4	1	1	1/32		1/32	1	585									
37	37	109	109	0.375	1/4	1/4	Chord	3/4	1	1	3/32		1/16	3/2	586									
37	37	875/8	875/8	0.125	11/32	11/32	Chord	3/4	1	1	1/32		1/32	1	587									
37	37	219/2	219/2	0.375	3/8	3/8	Chord	3/4	1	1	3/32		1/16	3/2	588									
37	37	879/8	879/8	0.125	15/32	15/32	Chord	3/4	1	1	1/32		1/32	1	589									
37	37	110	110	0.375	1/2	1/2	Chord	3/4	1	1	3/32		1/16	3/2	590									
37	37	883/8	883/8	0.125	19/32	19/32	Chord	3/4	1	1	1/32		1/32	1	591									
37	37	221/2	221/2	0.375	5/8	5/8	Chord	3/4	1	1	3/32		1/16	3/2	592									
37	37	887/8	887/8	0.125	23/32	23/32	Chord	3/4	1	1	1/32		1/32	1	593									
37	37	108	108	1.5	0	0	Chord	3/4	2	1	3/8		1/4	3/2	594									
37	37	221/2	221/2	0.5	5/8	5/8	Chord	3/4	2	1	1/8		1/8	1	595									
38	38	111	111	0.0	0	0	Chord	3/4	1	1	0	grace32	1/32	1	596									
38	38	111	111	0.125	0	0	Chord	3/4	1	1	1/32		1/32	1	597									
38	38	889/8	889/8	0.125	1/32	1/32	Chord	3/4	1	1	1/32		1/32	1	598									
38	38	445/4	445/4	0.125	1/16	1/16	Chord	3/4	1	1	1/32		1/32	1	599									
38	38	891/8	891/8	0.125	3/32	3/32	Chord	3/4	1	1	1/32		1/32	1	600									
38	38	223/2	223/2	0.0	1/8	1/8	Chord	3/4	1	1	0	grace32	1/32	1	601									
38	38	223/2	223/2	0.125	1/8	1/8	Chord	3/4	1	1	1/32		1/32	1	602									
38	38	893/8	893/8	0.125	5/32	5/32	Chord	3/4	1	1	1/32		1/32	1	603									
38	38	447/4	447/4	0.125	3/16	3/16	Chord	3/4	1	1	1/32		1/32	1	604									
38	38	895/8	895/8	0.125	7/32	7/32	Chord	3/4	1	1	1/32		1/32	1	605									
38	38	112	112	0.125	1/4	1/4	Chord	3/4	1	1	1/32		1/32	1	606									
38	38	897/8	897/8	0.125	9/32	9/32	Chord	3/4	1	1	1/32		1/32	1	607									
38	38	449/4	449/4	0.125	5/16	5/16	Chord	3/4	1	1	1/32		1/32	1	608									
38	38	899/8	899/8	0.125	11/32	11/32	Chord	3/4	1	1	1/32		1/32	1	609									
38	38	225/2	225/2	0.125	3/8	3/8	Chord	3/4	1	1	1/32		1/32	1	610									
38	38	901/8	901/8	0.125	13/32	13/32	Chord	3/4	1	1	1/32		1/32	1	611									
38	38	451/4	451/4	0.125	7/16	7/16	Chord	3/4	1	1	1/32		1/32	1	612									
38	38	903/8	903/8	0.125	15/32	15/32	Chord	3/4	1	1	1/32		1/32	1	613									
38	38	113	113	0.125	1/2	1/2	Chord	3/4	1	1	1/32		1/32	1	614									
38	38	905/8	905/8	0.125	17/32	17/32	Chord	3/4	1	1	1/32		1/32	1	615									
38	38	453/4	453/4	0.125	9/16	9/16	Chord	3/4	1	1	1/32		1/32	1	616									
38	38	907/8	907/8	0.125	19/32	19/32	Chord	3/4	1	1	1/32		1/32	1	617									
38	38	227/2	227/2	0.125	5/8	5/8	Chord	3/4	1	1	1/32		1/32	1	618									
38	38	909/8	909/8	0.125	21/32	21/32	Chord	3/4	1	1	1/32		1/32	1	619									
38	38	455/4	455/4	0.125	11/16	11/16	Chord	3/4	1	1	1/32		1/32	1	620									
38	38	911/8	911/8	0.125	23/32	23/32	Chord	3/4	1	1	1/32		1/32	1	621									
38	38	111	111	1.0	0	0	Chord	3/4	2	1	1/4		1/4	1	622									
38	38	113	113	1.0	1/2	1/2	Chord	3/4	2	1	1/4		1/4	1	623									
39	39	114	114	0.5	0	0	Chord	3/4	1	1	1/8		1/8	1	624									
39	39	229/2	229/2	0.125	1/8	1/8	Chord	3/4	1	1	1/32		1/32	1	625									
39	39	917/8	917/8	0.125	5/32	5/32	Chord	3/4	1	1	1/32		1/32	1	626									
39	39	459/4	459/4	0.125	3/16	3/16	Chord	3/4	1	1	1/32		1/32	1	627									
39	39	919/8	919/8	0.125	7/32	7/32	Chord	3/4	1	1	1/32		1/32	1	628									
39	39	115	115	0.25	1/4	1/4	Chord	3/4	1	1	1/16		1/16	1	629									
39	39	461/4	461/4	0.25	5/16	5/16	Chord	3/4	1	1	1/16		1/16	1	630									25
39	39	231/2	231/2	0.25	3/8	3/8	Chord	3/4	1	1	1/16		1/16	1	631									25
39	39	463/4	463/4	0.25	7/16	7/16	Chord	3/4	1	1	1/16		1/16	1	632									
39	39	116	116	0.25	1/2	1/2	Chord	3/4	1	1	1/16		1/16	1	633									26
39	39	465/4	465/4	0.25	9/16	9/16	Chord	3/4	1	1	1/16		1/16	1	634									26
39	39	233/2	233/2	0.25	5/8	5/8	Chord	3/4	1	1	1/16		1/16	1	635									26
39	39	467/4	467/4	0.25	11/16	11/16	Chord	3/4	1	1	1/16		1/16	1	636									
39	39	114	114	1.0	0	0	Chord	3/4	2	1	1/4		1/4	1	637									
39	39	115	115	0.5	1/4	1/4	Chord	3/4	2	1	1/8		1/8	1	638									
40	40	117	117	1.0	0	0	Chord	3/4	1	1	1/4		1/4	1	639									
40	40	118	118	0.0	1/4	1/4	StaffText	3/4	1	1	0							"<font size=""17.8494""/><font face=""Opus""/>ÔÅî"						
40	40	118	118	0.0	1/4	1/4	Chord	3/4	1	1	0	grace16	1/16	1	640									
40	40	118	118	0.5	1/4	1/4	Chord	3/4	1	1	1/8		1/8	1	641									
40	40	237/2	237/2	0.25	3/8	3/8	Chord	3/4	1	1	1/16		1/16	1	642									
40	40	475/4	475/4	0.25	7/16	7/16	Chord	3/4	1	1	1/16		1/16	1	643									
40	40	119	119	0.125	1/2	1/2	Chord	3/4	1	1	1/32		1/32	1	644									
40	40	953/8	953/8	0.125	17/32	17/32	Chord	3/4	1	1	1/32		1/32	1	645									
40	40	477/4	477/4	0.125	9/16	9/16	Chord	3/4	1	1	1/32		1/32	1	646									
40	40	955/8	955/8	0.125	19/32	19/32	Chord	3/4	1	1	1/32		1/32	1	647									
40	40	239/2	239/2	0.125	5/8	5/8	Chord	3/4	1	1	1/32		1/32	1	648									
40	40	957/8	957/8	0.125	21/32	21/32	Chord	3/4	1	1	1/32		1/32	1	649									
40	40	479/4	479/4	0.125	11/16	11/16	Chord	3/4	1	1	1/32		1/32	1	650									
40	40	959/8	959/8	0.125	23/32	23/32	Chord	3/4	1	1	1/32		1/32	1	651									
40	40	117	117	1.0	0	0	Chord	3/4	1	2	1/4		1/4	1	652									
40	40	118	118	1.0	1/4	1/4	Chord	3/4	1	2	1/4		1/4	1	653									
40	40	469/4	469/4	0.25	1/16	1/16	Chord	3/4	2	1	1/16		1/16	1	654									
40	40	235/2	235/2	0.25	1/8	1/8	Chord	3/4	2	1	1/16		1/16	1	655									
40	40	471/4	471/4	0.25	3/16	3/16	Chord	3/4	2	1	1/16		1/16	1	656									
40	40	473/4	473/4	0.25	5/16	5/16	Chord	3/4	2	1	1/16		1/16	1	657									
40	40	237/2	237/2	0.25	3/8	3/8	Chord	3/4	2	1	1/16		1/16	1	658									
40	40	475/4	475/4	0.25	7/16	7/16	Chord	3/4	2	1	1/16		1/16	1	659									
40	40	477/4	477/4	0.25	9/16	9/16	Chord	3/4	2	1	1/16		1/16	1	660									
40	40	239/2	239/2	0.25	5/8	5/8	Chord	3/4	2	1	1/16		1/16	1	661									
40	40	479/4	479/4	0.25	11/16	11/16	Chord	3/4	2	1	1/16		1/16	1	662									
40	40	117	117	1.0	0	0	Chord	3/4	2	2	1/4		1/4	1	663									
40	40	118	118	1.0	1/4	1/4	Chord	3/4	2	2	1/4		1/4	1	664									
40	40	119	119	1.0	1/2	1/2	Chord	3/4	2	2	1/4		1/4	1	665									
41	41	120	120	0.75	0	0	Chord	3/4	1	1	3/16		1/8	3/2	666									
41	41	483/4	483/4	0.125	3/16	3/16	Chord	3/4	1	1	1/32		1/32	1	667									
41	41	967/8	967/8	0.125	7/32	7/32	Chord	3/4	1	1	1/32		1/32	1	668									
41	41	121	121	0.5	1/4	1/4	Chord	3/4	1	1	1/8		1/8	1	669									
41	41	487/4	487/4	0.125	7/16	7/16	Chord	3/4	1	1	1/32		1/32	1	670									
41	41	975/8	975/8	0.125	15/32	15/32	Chord	3/4	1	1	1/32		1/32	1	671									
41	41	122	122	0.125	1/2	1/2	Chord	3/4	1	1	1/32		1/32	1	672									
41	41	977/8	977/8	0.125	17/32	17/32	Chord	3/4	1	1	1/32		1/32	1	673									
41	41	489/4	489/4	0.125	9/16	9/16	Chord	3/4	1	1	1/32		1/32	1	674									
41	41	979/8	979/8	0.125	19/32	19/32	Chord	3/4	1	1	1/32		1/32	1	675									
41	41	245/2	245/2	0.125	5/8	5/8	Chord	3/4	1	1	1/32		1/32	1	676									
41	41	981/8	981/8	0.125	21/32	21/32	Chord	3/4	1	1	1/32		1/32	1	677									
41	41	491/4	491/4	0.125	11/16	11/16	Chord	3/4	1	1	1/32		1/32	1	678									
41	41	983/8	983/8	0.125	23/32	23/32	Chord	3/4	1	1	1/32		1/32	1	679									
41	41	481/4	481/4	0.25	1/16	1/16	Chord	3/4	2	1	1/16		1/16	1	680									
41	41	241/2	241/2	0.25	1/8	1/8	Chord	3/4	2	1	1/16		1/16	1	681									
41	41	483/4	483/4	0.25	3/16	3/16	Chord	3/4	2	1	1/16		1/16	1	682									
41	41	121	121	0.5	1/4	1/4	Chord	3/4	2	1	1/8		1/8	1	683									
41	41	120	120	1.0	0	0	Chord	3/4	2	2	1/4		1/4	1	684									
41	41	121	121	0.5	1/4	1/4	Chord	3/4	2	2	1/8		1/8	1	685									
42	42	123	123	0.0	0	0	Dynamic	3/4	1	1	0					sf								
42	42	123	123	0.5	0	0	Chord	3/4	1	1	1/8		1/8	1	686									
42	42	247/2	247/2	0.125	1/8	1/8	Chord	3/4	1	1	1/32		1/32	1	687									
42	42	989/8	989/8	0.125	5/32	5/32	Chord	3/4	1	1	1/32		1/32	1	688									
42	42	495/4	495/4	0.125	3/16	3/16	Chord	3/4	1	1	1/32		1/32	1	689									
42	42	991/8	991/8	0.125	7/32	7/32	Chord	3/4	1	1	1/32		1/32	1	690									
42	42	124	124	0.5	1/4	1/4	Chord	3/4	1	1	1/8		1/8	1	691									
42	42	499/4	499/4	0.125	7/16	7/16	Chord	3/4	1	1	1/32		1/32	1	692									
42	42	999/8	999/8	0.125	15/32	15/32	Chord	3/4	1	1	1/32		1/32	1	693									
42	42	125	125	0.125	1/2	1/2	Chord	3/4	1	1	1/32		1/32	1	694									
42	42	1001/8	1001/8	0.125	17/32	17/32	Chord	3/4	1	1	1/32		1/32	1	695									
42	42	501/4	501/4	0.125	9/16	9/16	Chord	3/4	1	1	1/32		1/32	1	696									
42	42	1003/8	1003/8	0.125	19/32	19/32	Chord	3/4	1	1	1/32		1/32	1	697									
42	42	251/2	251/2	0.125	5/8	5/8	Chord	3/4	1	1	1/32		1/32	1	698									
42	42	1005/8	1005/8	0.125	21/32	21/32	Chord	3/4	1	1	1/32		1/32	1	699									
42	42	503/4	503/4	0.125	11/16	11/16	Chord	3/4	1	1	1/32		1/32	1	700									
42	42	1007/8	1007/8	0.125	23/32	23/32	Chord	3/4	1	1	1/32		1/32	1	701									
42	42	123	123	1.0	0	0	Chord	3/4	2	1	1/4		1/4	1	702									
42	42	124	124	0.5	1/4	1/4	Chord	3/4	2	1	1/8		1/8	1	703									
43	43	126	126	0.5	0	0	Chord	3/4	1	1	1/8		1/8	1	704									
43	43	253/2	253/2	0.125	1/8	1/8	Chord	3/4	1	1	1/32		1/32	1	705									
43	43	1013/8	1013/8	0.125	5/32	5/32	Chord	3/4	1	1	1/32		1/32	1	706									
43	43	507/4	507/4	0.125	3/16	3/16	Chord	3/4	1	1	1/32		1/32	1	707									
43	43	1015/8	1015/8	0.125	7/32	7/32	Chord	3/4	1	1	1/32		1/32	1	708									
43	43	127	127	0.5	1/4	1/4	Chord	3/4	1	1	1/8		1/8	1	709									
43	43	255/2	255/2	0.5	3/8	3/8	Chord	3/4	1	1	1/8		1/8	1	710									
43	43	128	128	0.5	1/2	1/2	Chord	3/4	1	1	1/8		1/8	1	711									
43	43	257/2	257/2	0.5	5/8	5/8	Chord	3/4	1	1	1/8		1/8	1	712									
43	43	126	126	1.0	0	0	Chord	3/4	2	1	1/4		1/4	1	713									
43	43	127	127	0.5	1/4	1/4	Chord	3/4	2	1	1/8		1/8	1	714									
43	43	255/2	255/2	0.5	3/8	3/8	Chord	3/4	2	1	1/8		1/8	1	715									
43	43	128	128	0.5	1/2	1/2	Chord	3/4	2	1	1/8		1/8	1	716									
43	43	257/2	257/2	0.5	5/8	5/8	Chord	3/4	2	1	1/8		1/8	1	717									
44	44	129	129	0.5	0	0	Chord	3/4	1	1	1/8		1/8	1	718									
44	44	259/2	259/2	0.0	1/8	1/8	Dynamic	3/4	1	1	0					p								
44	44	259/2	259/2	0.125	1/8	1/8	Chord	3/4	1	1	1/32		1/32	1	719									
44	44	1037/8	1037/8	0.125	5/32	5/32	Chord	3/4	1	1	1/32		1/32	1	720									
44	44	519/4	519/4	0.125	3/16	3/16	Chord	3/4	1	1	1/32		1/32	1	721									
44	44	1039/8	1039/8	0.125	7/32	7/32	Chord	3/4	1	1	1/32		1/32	1	722									
44	44	130	130	0.375	1/4	1/4	Chord	3/4	1	1	3/32		1/16	3/2	723									
44	44	1043/8	1043/8	0.125	11/32	11/32	Chord	3/4	1	1	1/32		1/32	1	724									
44	44	261/2	261/2	0.375	3/8	3/8	Chord	3/4	1	1	3/32		1/16	3/2	725									
44	44	1047/8	1047/8	0.125	15/32	15/32	Chord	3/4	1	1	1/32		1/32	1	726									
44	44	131	131	0.375	1/2	1/2	Chord	3/4	1	1	3/32		1/16	3/2	727									
44	44	1051/8	1051/8	0.125	19/32	19/32	Chord	3/4	1	1	1/32		1/32	1	728									
44	44	263/2	263/2	0.375	5/8	5/8	Chord	3/4	1	1	3/32		1/16	3/2	729									
44	44	1055/8	1055/8	0.125	23/32	23/32	Chord	3/4	1	1	1/32		1/32	1	730									
44	44	129	129	0.5	0	0	Chord	3/4	2	1	1/8		1/8	1	731									
44	44	130	130	1.0	1/4	1/4	Chord	3/4	2	1	1/4		1/4	1	732									
44	44	131	131	1.0	1/2	1/2	Chord	3/4	2	1	1/4		1/4	1	733									
45	45	132	132	1.0	0	0	Chord	3/4	1	1	1/4		1/4	1	734									
45	45	133	133	0.5	1/4	1/4	Chord	3/4	1	1	1/8		1/8	1	735									
45	45	267/2	267/2	0.0	3/8	3/8	Dynamic	3/4	1	1	0					f								
45	45	267/2	267/2	0.5	3/8	3/8	Chord	3/4	1	1	1/8		1/8	1	736									
45	45	134	134	0.5	1/2	1/2	Chord	3/4	1	1	1/8		1/8	1	737									
45	45	269/2	269/2	0.5	5/8	5/8	Chord	3/4	1	1	1/8		1/8	1	738									
45	45	132	132	1.0	0	0	Chord	3/4	2	1	1/4		1/4	1	739									
45	45	133	133	0.5	1/4	1/4	Chord	3/4	2	1	1/8		1/8	1	740									
45	45	267/2	267/2	0.5	3/8	3/8	Chord	3/4	2	1	1/8		1/8	1	741									
45	45	134	134	0.5	1/2	1/2	Chord	3/4	2	1	1/8		1/8	1	742									
45	45	269/2	269/2	0.5	5/8	5/8	Chord	3/4	2	1	1/8		1/8	1	743									
46	46	135	135	0.5	0	0	Chord	3/4	1	1	1/8		1/8	1	744									
46	46	271/2	271/2	0.125	1/8	1/8	Chord	3/4	1	1	1/32		1/32	1	745									
46	46	1085/8	1085/8	0.125	5/32	5/32	Chord	3/4	1	1	1/32		1/32	1	746									
46	46	543/4	543/4	0.125	3/16	3/16	Chord	3/4	1	1	1/32		1/32	1	747									
46	46	1087/8	1087/8	0.125	7/32	7/32	Chord	3/4	1	1	1/32		1/32	1	748									
46	46	136	136	0.375	1/4	1/4	Chord	3/4	1	1	3/32		1/16	3/2	749									
46	46	1091/8	1091/8	0.125	11/32	11/32	Chord	3/4	1	1	1/32		1/32	1	750									
46	46	273/2	273/2	0.375	3/8	3/8	Chord	3/4	1	1	3/32		1/16	3/2	751									
46	46	1095/8	1095/8	0.125	15/32	15/32	Chord	3/4	1	1	1/32		1/32	1	752									
46	46	137	137	0.375	1/2	1/2	Chord	3/4	1	1	3/32		1/16	3/2	753									
46	46	1099/8	1099/8	0.125	19/32	19/32	Chord	3/4	1	1	1/32		1/32	1	754									
46	46	275/2	275/2	0.375	5/8	5/8	Chord	3/4	1	1	3/32		1/16	3/2	755									
46	46	1103/8	1103/8	0.125	23/32	23/32	Chord	3/4	1	1	1/32		1/32	1	756									
46	46	135	135	0.5	0	0	Chord	3/4	2	1	1/8		1/8	1	757									
46	46	136	136	1.0	1/4	1/4	Chord	3/4	2	1	1/4		1/4	1	758									
46	46	137	137	1.0	1/2	1/2	Chord	3/4	2	1	1/4		1/4	1	759									
47	47	138	138	1.0	0	0	Chord	3/4	1	1	1/4		1/4	1	760									
47	47	279/2	279/2	0.5	3/8	3/8	Chord	3/4	1	1	1/8		1/8	1	761									
47	47	140	140	0.0	1/2	1/2	Chord	3/4	1	1	0	grace16	1/16	1	762									
47	47	140	140	0.5	1/2	1/2	Chord	3/4	1	1	1/8		1/8	1	763									
47	47	281/2	281/2	0.25	5/8	5/8	Chord	3/4	1	1	1/16		1/16	1	764									
47	47	563/4	563/4	0.25	11/16	11/16	Chord	3/4	1	1	1/16		1/16	1	765									
47	47	553/4	553/4	0.25	1/16	1/16	Chord	3/4	2	1	1/16		1/16	1	766									
47	47	277/2	277/2	0.25	1/8	1/8	Chord	3/4	2	1	1/16		1/16	1	767									
47	47	555/4	555/4	0.25	3/16	3/16	Chord	3/4	2	1	1/16		1/16	1	768									
47	47	139	139	0.25	1/4	1/4	Chord	3/4	2	1	1/16		1/16	1	769									
47	47	557/4	557/4	0.25	5/16	5/16	Chord	3/4	2	1	1/16		1/16	1	770									
47	47	279/2	279/2	0.25	3/8	3/8	Chord	3/4	2	1	1/16		1/16	1	771									
47	47	559/4	559/4	0.25	7/16	7/16	Chord	3/4	2	1	1/16		1/16	1	772									
47	47	140	140	0.25	1/2	1/2	Chord	3/4	2	1	1/16		1/16	1	773									
47	47	561/4	561/4	0.25	9/16	9/16	Chord	3/4	2	1	1/16		1/16	1	774									
47	47	281/2	281/2	0.25	5/8	5/8	Chord	3/4	2	1	1/16		1/16	1	775									
47	47	563/4	563/4	0.25	11/16	11/16	Chord	3/4	2	1	1/16		1/16	1	776									
47	47	138	138	3.0	0	0	Chord	3/4	2	2	3/4		1/2	3/2	777									
48	48	141	141	0.75	0	0	Chord	3/4	1	1	3/16		1/8	3/2	778									
48	48	567/4	567/4	0.08333333333333333	3/16	3/16	Chord	3/4	1	1	1/48		1/32	2/3	779									
48	48	851/6	851/6	0.08333333333333333	5/24	5/24	Chord	3/4	1	1	1/48		1/32	2/3	780									
48	48	1703/12	1703/12	0.08333333333333333	11/48	11/48	Chord	3/4	1	1	1/48		1/32	2/3	781									
48	48	142	142	0.5	1/4	1/4	Chord	3/4	1	1	1/8		1/8	1	782									
48	48	285/2	285/2	0.25	3/8	3/8	Chord	3/4	1	1	1/16		1/16	1	783									27
48	48	571/4	571/4	0.25	7/16	7/16	Chord	3/4	1	1	1/16		1/16	1	784									
48	48	143	143	0.25	1/2	1/2	Chord	3/4	1	1	1/16		1/16	1	785									28
48	48	573/4	573/4	0.25	9/16	9/16	Chord	3/4	1	1	1/16		1/16	1	786									
48	48	287/2	287/2	0.25	5/8	5/8	Chord	3/4	1	1	1/16		1/16	1	787									29
48	48	575/4	575/4	0.25	11/16	11/16	Chord	3/4	1	1	1/16		1/16	1	788									
48	48	565/4	565/4	0.25	1/16	1/16	Chord	3/4	2	1	1/16		1/16	1	789									
48	48	283/2	283/2	0.25	1/8	1/8	Chord	3/4	2	1	1/16		1/16	1	790									
48	48	567/4	567/4	0.25	3/16	3/16	Chord	3/4	2	1	1/16		1/16	1	791									
48	48	142	142	0.25	1/4	1/4	Chord	3/4	2	1	1/16		1/16	1	792									
48	48	569/4	569/4	0.25	5/16	5/16	Chord	3/4	2	1	1/16		1/16	1	793									
48	48	285/2	285/2	0.25	3/8	3/8	Chord	3/4	2	1	1/16		1/16	1	794									
48	48	571/4	571/4	0.25	7/16	7/16	Chord	3/4	2	1	1/16		1/16	1	795									
48	48	143	143	0.25	1/2	1/2	Chord	3/4	2	1	1/16		1/16	1	796									
48	48	573/4	573/4	0.25	9/16	9/16	Chord	3/4	2	1	1/16		1/16	1	797									
48	48	287/2	287/2	0.25	5/8	5/8	Chord	3/4	2	1	1/16		1/16	1	798									
48	48	575/4	575/4	0.25	11/16	11/16	Chord	3/4	2	1	1/16		1/16	1	799									
48	48	141	141	3.0	0	0	Chord	3/4	2	2	3/4		1/2	3/2	800									
49	49	144	144	1.0	0	0	Chord	3/4	1	1	1/4		1/4	1	801									
49	49	291/2	291/2	0.5	3/8	3/8	Chord	3/4	1	1	1/8		1/8	1	802									
49	49	146	146	0.0	1/2	1/2	Chord	3/4	1	1	0	grace16	1/16	1	803									
49	49	146	146	0.5	1/2	1/2	Chord	3/4	1	1	1/8		1/8	1	804									
49	49	293/2	293/2	0.25	5/8	5/8	Chord	3/4	1	1	1/16		1/16	1	805									
49	49	587/4	587/4	0.25	11/16	11/16	Chord	3/4	1	1	1/16		1/16	1	806									
49	49	577/4	577/4	0.25	1/16	1/16	Chord	3/4	2	1	1/16		1/16	1	807									
49	49	289/2	289/2	0.25	1/8	1/8	Chord	3/4	2	1	1/16		1/16	1	808									
49	49	579/4	579/4	0.25	3/16	3/16	Chord	3/4	2	1	1/16		1/16	1	809									
49	49	145	145	0.25	1/4	1/4	Chord	3/4	2	1	1/16		1/16	1	810									
49	49	581/4	581/4	0.25	5/16	5/16	Chord	3/4	2	1	1/16		1/16	1	811									
49	49	291/2	291/2	0.25	3/8	3/8	Chord	3/4	2	1	1/16		1/16	1	812									
49	49	583/4	583/4	0.25	7/16	7/16	Chord	3/4	2	1	1/16		1/16	1	813									
49	49	146	146	0.25	1/2	1/2	Chord	3/4	2	1	1/16		1/16	1	814									
49	49	585/4	585/4	0.25	9/16	9/16	Chord	3/4	2	1	1/16		1/16	1	815									
49	49	293/2	293/2	0.25	5/8	5/8	Chord	3/4	2	1	1/16		1/16	1	816									
49	49	587/4	587/4	0.25	11/16	11/16	Chord	3/4	2	1	1/16		1/16	1	817									
49	49	144	144	3.0	0	0	Chord	3/4	2	2	3/4		1/2	3/2	818									
50	50	147	147	0.75	0	0	Chord	3/4	1	1	3/16		1/8	3/2	819									
50	50	591/4	591/4	0.125	3/16	3/16	Chord	3/4	1	1	1/32		1/32	1	820									
50	50	1183/8	1183/8	0.125	7/32	7/32	Chord	3/4	1	1	1/32		1/32	1	821									
50	50	148	148	0.5	1/4	1/4	Chord	3/4	1	1	1/8		1/8	1	822									
50	50	297/2	297/2	0.125	3/8	3/8	Chord	3/4	1	1	1/32		1/32	1	823									
50	50	1189/8	1189/8	0.125	13/32	13/32	Chord	3/4	1	1	1/32		1/32	1	824									
50	50	595/4	595/4	0.125	7/16	7/16	Chord	3/4	1	1	1/32		1/32	1	825									
50	50	1191/8	1191/8	0.125	15/32	15/32	Chord	3/4	1	1	1/32		1/32	1	826									
50	50	149	149	0.125	1/2	1/2	Chord	3/4	1	1	1/32		1/32	1	827									
50	50	1193/8	1193/8	0.125	17/32	17/32	Chord	3/4	1	1	1/32		1/32	1	828									
50	50	597/4	597/4	0.125	9/16	9/16	Chord	3/4	1	1	1/32		1/32	1	829									
50	50	1195/8	1195/8	0.125	19/32	19/32	Chord	3/4	1	1	1/32		1/32	1	830									
50	50	299/2	299/2	0.125	5/8	5/8	Chord	3/4	1	1	1/32		1/32	1	831									
50	50	1197/8	1197/8	0.125	21/32	21/32	Chord	3/4	1	1	1/32		1/32	1	832									
50	50	599/4	599/4	0.125	11/16	11/16	Chord	3/4	1	1	1/32		1/32	1	833									
50	50	1199/8	1199/8	0.125	23/32	23/32	Chord	3/4	1	1	1/32		1/32	1	834									
50	50	589/4	589/4	0.25	1/16	1/16	Chord	3/4	2	1	1/16		1/16	1	835									
50	50	295/2	295/2	0.25	1/8	1/8	Chord	3/4	2	1	1/16		1/16	1	836									
50	50	591/4	591/4	0.25	3/16	3/16	Chord	3/4	2	1	1/16		1/16	1	837									
50	50	148	148	0.25	1/4	1/4	Chord	3/4	2	1	1/16		1/16	1	838									
50	50	593/4	593/4	0.25	5/16	5/16	Chord	3/4	2	1	1/16		1/16	1	839									
50	50	297/2	297/2	0.25	3/8	3/8	Chord	3/4	2	1	1/16		1/16	1	840									
50	50	595/4	595/4	0.25	7/16	7/16	Chord	3/4	2	1	1/16		1/16	1	841									
50	50	149	149	0.25	1/2	1/2	Chord	3/4	2	1	1/16		1/16	1	842									
50	50	597/4	597/4	0.25	9/16	9/16	Chord	3/4	2	1	1/16		1/16	1	843									
50	50	299/2	299/2	0.25	5/8	5/8	Chord	3/4	2	1	1/16		1/16	1	844									
50	50	599/4	599/4	0.25	11/16	11/16	Chord	3/4	2	1	1/16		1/16	1	845									
50	50	147	147	3.0	0	0	Chord	3/4	2	2	3/4		1/2	3/2	846									
51	51	150	150	0.0	0	0	Dynamic	3/4	1	1	0					sf								
51	51	150	150	1.0	0	0	Chord	3/4	1	1	1/4		1/4	1	847									
51	51	151	151	0.5	1/4	1/4	Chord	3/4	1	1	1/8		1/8	1	848									
51	51	150	150	1.5	0	0	Chord	3/4	2	1	3/8		1/4	3/2	849									
