mc	mn	quarterbeats	duration_qb	mc_onset	mn_onset	timesig	staff	voice	duration	gracenote	nominal_duration	scalar	tied	tpc	midi	name	octave	chord_id
1	1	0	1.0	0	0	2/4	2	2	1/4		1/4	1		-2	46	Bb2	2	9
1	1	0	1.0	0	0	2/4	2	2	1/4		1/4	1		-1	53	F3	3	9
1	1	0	1.0	0	0	2/4	1	1	1/4		1/4	1		2	62	D4	4	0
1	1	0	1.0	0	0	2/4	1	1	1/4		1/4	1		-2	70	Bb4	4	0
1	1	1/4	0.25	1/16	1/16	2/4	2	1	1/16		1/16	1		-2	58	Bb3	3	3
1	1	1/2	0.25	1/8	1/8	2/4	2	1	1/16		1/16	1		-2	58	Bb3	3	4
1	1	3/4	0.25	3/16	3/16	2/4	2	1	1/16		1/16	1		-2	58	Bb3	3	5
1	1	1	1.0	1/4	1/4	2/4	2	2	1/4		1/4	1		2	50	D3	3	10
1	1	1	1.0	1/4	1/4	2/4	2	2	1/4		1/4	1		-1	53	F3	3	10
1	1	1	0.5	1/4	1/4	2/4	1	1	1/8		1/8	1		2	62	D4	4	1
1	1	1	0.5	1/4	1/4	2/4	1	1	1/8		1/8	1		-1	65	F4	4	1
1	1	5/4	0.25	5/16	5/16	2/4	2	1	1/16		1/16	1		-2	58	Bb3	3	6
1	1	3/2	0.25	3/8	3/8	2/4	2	1	1/16		1/16	1		-2	58	Bb3	3	7
1	1	3/2	0.5	3/8	3/8	2/4	1	1	1/8		1/8	1		2	62	D4	4	2
1	1	3/2	0.5	3/8	3/8	2/4	1	1	1/8		1/8	1		-1	65	F4	4	2
1	1	7/4	0.25	7/16	7/16	2/4	2	1	1/16		1/16	1		-2	58	Bb3	3	8
2	2	2	1.0	0	0	2/4	2	2	1/4		1/4	1		-2	46	Bb2	2	22
2	2	2	1.0	0	0	2/4	2	2	1/4		1/4	1		-1	53	F3	3	22
2	2	2	1.0	0	0	2/4	1	2	1/4		1/4	1		0	60	C4	4	15
2	2	2	0.75	0	0	2/4	1	1	3/16		1/8	3/2		-3	63	Eb4	4	11
2	2	2	0.75	0	0	2/4	1	1	3/16		1/8	3/2		3	69	A4	4	11
2	2	9/4	0.25	1/16	1/16	2/4	2	1	1/16		1/16	1		-2	58	Bb3	3	16
2	2	5/2	0.25	1/8	1/8	2/4	2	1	1/16		1/16	1		-2	58	Bb3	3	17
2	2	11/4	0.25	3/16	3/16	2/4	2	1	1/16		1/16	1		-2	58	Bb3	3	18
2	2	11/4	0.25	3/16	3/16	2/4	1	1	1/16		1/16	1		-1	65	F4	4	12
2	2	3	1.0	1/4	1/4	2/4	2	2	1/4		1/4	1		-2	46	Bb2	2	23
2	2	3	1.0	1/4	1/4	2/4	2	2	1/4		1/4	1		-1	53	F3	3	23
2	2	3	0.5	1/4	1/4	2/4	1	1	1/8		1/8	1		2	62	D4	4	13
2	2	3	0.5	1/4	1/4	2/4	1	1	1/8		1/8	1		-2	70	Bb4	4	13
2	2	13/4	0.25	5/16	5/16	2/4	2	1	1/16		1/16	1		-2	58	Bb3	3	19
2	2	7/2	0.25	3/8	3/8	2/4	2	1	1/16		1/16	1		-2	58	Bb3	3	20
2	2	15/4	0.25	7/16	7/16	2/4	2	1	1/16		1/16	1		-2	58	Bb3	3	21
2	2	15/4	0.25	7/16	7/16	2/4	1	1	1/16		1/16	1		-1	65	F4	4	14
3	3	4	0.5	0	0	2/4	2	1	1/8		1/8	1		2	62	D4	4	29
3	3	4	0.5	0	0	2/4	1	1	1/8		1/8	1		-1	65	F4	4	24
3	3	4	0.5	0	0	2/4	1	1	1/8		1/8	1		-2	70	Bb4	4	24
3	3	9/2	0.5	1/8	1/8	2/4	2	1	1/8		1/8	1		0	60	C4	4	30
3	3	9/2	0.5	1/8	1/8	2/4	2	1	1/8		1/8	1		-3	63	Eb4	4	30
3	3	9/2	0.5	1/8	1/8	2/4	1	1	1/8		1/8	1		-1	65	F4	4	25
3	3	9/2	0.5	1/8	1/8	2/4	1	1	1/8		1/8	1		3	69	A4	4	25
3	3	9/2	0.5	1/8	1/8	2/4	1	1	1/8		1/8	1		0	72	C5	5	25
3	3	5	0.5	1/4	1/4	2/4	2	1	1/8		1/8	1		-2	58	Bb3	3	31
3	3	5	0.5	1/4	1/4	2/4	2	1	1/8		1/8	1		2	62	D4	4	31
3	3	5	0.5	1/4	1/4	2/4	1	1	1/8		1/8	1		-1	65	F4	4	26
3	3	5	0.5	1/4	1/4	2/4	1	1	1/8		1/8	1		-2	70	Bb4	4	26
3	3	5	0.5	1/4	1/4	2/4	1	1	1/8		1/8	1		2	74	D5	5	26
3	3	11/2	0.0	3/8	3/8	2/4	1	1	0	grace32	1/32	1		-1	77	F5	5	27
3	3	11/2	0.5	3/8	3/8	2/4	2	1	1/8		1/8	1		-3	39	Eb2	2	32
3	3	11/2	0.5	3/8	3/8	2/4	2	1	1/8		1/8	1		-3	51	Eb3	3	32
3	3	11/2	0.5	3/8	3/8	2/4	1	1	1/8		1/8	1		1	67	G4	4	28
3	3	11/2	0.5	3/8	3/8	2/4	1	1	1/8		1/8	1		0	72	C5	5	28
3	3	11/2	0.5	3/8	3/8	2/4	1	1	1/8		1/8	1		-3	75	Eb5	5	28
4	4	6	1.5	0	0	2/4	2	1	3/8		1/4	3/2		-1	41	F2	2	43
4	4	6	1.5	0	0	2/4	2	1	3/8		1/4	3/2		-1	53	F3	3	43
4	4	6	1.0	0	0	2/4	1	1	1/4		1/4	1		-1	65	F4	4	33
4	4	6	1.0	0	0	2/4	1	1	1/4		1/4	1		-2	70	Bb4	4	33
4	4	6	1.0	0	0	2/4	1	1	1/4		1/4	1		2	74	D5	5	33
4	4	7	0.125	1/4	1/4	2/4	1	1	1/32		1/32	1		-1	65	F4	4	34
4	4	7	0.125	1/4	1/4	2/4	1	1	1/32		1/32	1		3	69	A4	4	34
4	4	7	0.125	1/4	1/4	2/4	1	1	1/32		1/32	1		0	72	C5	5	34
4	4	57/8	0.125	9/32	9/32	2/4	1	1	1/32		1/32	1		-1	65	F4	4	35
4	4	29/4	0.125	5/16	5/16	2/4	1	1	1/32		1/32	1		1	67	G4	4	36
4	4	59/8	0.125	11/32	11/32	2/4	1	1	1/32		1/32	1		3	69	A4	4	37
4	4	15/2	0.125	3/8	3/8	2/4	1	1	1/32		1/32	1		-2	70	Bb4	4	38
4	4	61/8	0.125	13/32	13/32	2/4	1	1	1/32		1/32	1		0	72	C5	5	39
4	4	31/4	0.125	7/16	7/16	2/4	1	1	1/32		1/32	1		2	74	D5	5	40
4	4	63/8	0.0	15/32	15/32	2/4	1	1	0	grace32	1/32	1		-1	77	F5	5	41
4	4	63/8	0.125	15/32	15/32	2/4	1	1	1/32		1/32	1		-3	75	Eb5	5	42
5	5	8	1.0	0	0	2/4	2	2	1/4		1/4	1		-2	58	Bb3	3	59
5	5	8	0.75	0	0	2/4	1	1	3/16		1/8	3/2		2	74	D5	5	44
5	5	33/4	0.25	1/16	1/16	2/4	2	1	1/16		1/16	1		-1	65	F4	4	53
5	5	17/2	0.25	1/8	1/8	2/4	2	1	1/16		1/16	1		-1	65	F4	4	54
5	5	35/4	0.25	3/16	3/16	2/4	2	1	1/16		1/16	1		-1	65	F4	4	55
5	5	35/4	0.25	3/16	3/16	2/4	1	1	1/16		1/16	1		-3	75	Eb5	5	45
5	5	9	1.0	1/4	1/4	2/4	2	2	1/4		1/4	1		2	62	D4	4	60
5	5	9	0.25	1/4	1/4	2/4	1	1	1/16		1/16	1		-1	77	F5	5	46
5	5	37/4	0.25	5/16	5/16	2/4	2	1	1/16		1/16	1		-1	65	F4	4	56
5	5	37/4	0.25	5/16	5/16	2/4	1	1	1/16		1/16	1		-1	77	F5	5	47
5	5	19/2	0.25	3/8	3/8	2/4	2	1	1/16		1/16	1		-1	65	F4	4	57
5	5	115/12	0.08333333333333333	19/48	19/48	2/4	1	1	1/48		1/32	2/3		2	86	D6	6	48
5	5	29/3	0.08333333333333333	5/12	5/12	2/4	1	1	1/48		1/32	2/3		0	84	C6	6	49
5	5	39/4	0.25	7/16	7/16	2/4	2	1	1/16		1/16	1		-1	65	F4	4	58
5	5	39/4	0.08333333333333333	7/16	7/16	2/4	1	1	1/48		1/32	2/3		-2	82	Bb5	5	50
5	5	59/6	0.08333333333333333	11/24	11/24	2/4	1	1	1/48		1/32	2/3		3	81	A5	5	51
5	5	119/12	0.08333333333333333	23/48	23/48	2/4	1	1	1/48		1/32	2/3		-2	82	Bb5	5	52
6	6	10	1.0	0	0	2/4	2	1	1/4		1/4	1		-1	53	F3	3	70
6	6	10	1.0	0	0	2/4	2	1	1/4		1/4	1		0	60	C4	4	70
6	6	10	1.0	0	0	2/4	2	1	1/4		1/4	1		-3	63	Eb4	4	70
6	6	10	0.5	0	0	2/4	1	1	1/8		1/8	1	1	3	81	A5	5	61
6	6	21/2	0.08333333333333333	1/8	1/8	2/4	1	1	1/48		1/32	2/3	-1	3	81	A5	5	62
6	6	127/12	0.08333333333333333	7/48	7/48	2/4	1	1	1/48		1/32	2/3		0	84	C6	6	63
6	6	32/3	0.08333333333333333	1/6	1/6	2/4	1	1	1/48		1/32	2/3		-2	82	Bb5	5	64
6	6	43/4	0.08333333333333333	3/16	3/16	2/4	1	1	1/48		1/32	2/3		3	81	A5	5	65
6	6	65/6	0.08333333333333333	5/24	5/24	2/4	1	1	1/48		1/32	2/3		-2	82	Bb5	5	66
6	6	131/12	0.08333333333333333	11/48	11/48	2/4	1	1	1/48		1/32	2/3		0	84	C6	6	67
6	6	11	0.5	1/4	1/4	2/4	2	1	1/8		1/8	1		3	57	A3	3	71
6	6	11	0.5	1/4	1/4	2/4	2	1	1/8		1/8	1		0	60	C4	4	71
6	6	11	0.5	1/4	1/4	2/4	2	1	1/8		1/8	1		-3	63	Eb4	4	71
6	6	11	0.5	1/4	1/4	2/4	1	1	1/8		1/8	1		-1	77	F5	5	68
6	6	95/8	0.125	15/32	15/32	2/4	1	1	1/32		1/32	1		-3	75	Eb5	5	69
7	7	12	0.5	0	0	2/4	2	1	1/8		1/8	1		-2	58	Bb3	3	79
7	7	12	0.5	0	0	2/4	2	1	1/8		1/8	1		2	62	D4	4	79
7	7	12	0.375	0	0	2/4	1	1	3/32		1/16	3/2		-1	77	F5	5	72
7	7	99/8	0.125	3/32	3/32	2/4	1	1	1/32		1/32	1		2	74	D5	5	73
7	7	25/2	0.5	1/8	1/8	2/4	2	1	1/8		1/8	1		-3	51	Eb3	3	80
7	7	25/2	0.5	1/8	1/8	2/4	2	1	1/8		1/8	1		-3	63	Eb4	4	80
7	7	25/2	0.375	1/8	1/8	2/4	1	1	3/32		1/16	3/2		0	72	C5	5	74
7	7	103/8	0.125	7/32	7/32	2/4	1	1	1/32		1/32	1		1	79	G5	5	75
7	7	13	0.5	1/4	1/4	2/4	2	1	1/8		1/8	1		-1	53	F3	3	81
7	7	13	0.5	1/4	1/4	2/4	2	1	1/8		1/8	1		2	62	D4	4	81
7	7	13	0.5	1/4	1/4	2/4	1	1	1/8		1/8	1		-2	70	Bb4	4	76
7	7	27/2	0.0	3/8	3/8	2/4	1	1	0	grace16	1/16	1		2	74	D5	5	77
7	7	27/2	0.5	3/8	3/8	2/4	2	1	1/8		1/8	1		-1	53	F3	3	82
7	7	27/2	0.5	3/8	3/8	2/4	2	1	1/8		1/8	1		-3	63	Eb4	4	82
7	7	27/2	0.5	3/8	3/8	2/4	1	1	1/8		1/8	1		3	69	A4	4	78
7	7	27/2	0.5	3/8	3/8	2/4	1	1	1/8		1/8	1		0	72	C5	5	78
8	8	14	0.5	0	0	2/4	2	1	1/8		1/8	1		-2	58	Bb3	3	100
8	8	14	0.5	0	0	2/4	2	1	1/8		1/8	1		2	62	D4	4	100
8	8	14	0.125	0	0	2/4	1	1	1/32		1/32	1		-2	70	Bb4	4	83
8	8	113/8	0.125	1/32	1/32	2/4	1	1	1/32		1/32	1		2	86	D6	6	84
8	8	57/4	0.125	1/16	1/16	2/4	1	1	1/32		1/32	1		0	84	C6	6	85
8	8	115/8	0.125	3/32	3/32	2/4	1	1	1/32		1/32	1		-2	82	Bb5	5	86
8	8	29/2	0.125	1/8	1/8	2/4	1	1	1/32		1/32	1		3	81	A5	5	87
8	8	117/8	0.0	5/32	5/32	2/4	1	1	0	grace32	1/32	1		0	84	C6	6	88
8	8	117/8	0.125	5/32	5/32	2/4	1	1	1/32		1/32	1		-2	82	Bb5	5	89
8	8	59/4	0.125	3/16	3/16	2/4	1	1	1/32		1/32	1		3	81	A5	5	90
8	8	119/8	0.125	7/32	7/32	2/4	1	1	1/32		1/32	1		1	79	G5	5	91
8	8	15	0.125	1/4	1/4	2/4	1	1	1/32		1/32	1		-1	77	F5	5	92
8	8	121/8	0.125	9/32	9/32	2/4	1	1	1/32		1/32	1		4	76	E5	5	93
8	8	61/4	0.125	5/16	5/16	2/4	1	1	1/32		1/32	1		1	79	G5	5	94
8	8	123/8	0.125	11/32	11/32	2/4	1	1	1/32		1/32	1		-1	77	F5	5	95
8	8	31/2	0.125	3/8	3/8	2/4	1	1	1/32		1/32	1		4	76	E5	5	96
8	8	125/8	0.125	13/32	13/32	2/4	1	1	1/32		1/32	1		-1	77	F5	5	97
8	8	63/4	0.125	7/16	7/16	2/4	1	1	1/32		1/32	1		1	79	G5	5	98
8	8	127/8	0.125	15/32	15/32	2/4	1	1	1/32		1/32	1		-1	77	F5	5	99
9	9	16	0.5	0	0	2/4	2	1	1/8		1/8	1		-2	58	Bb3	3	108
9	9	16	0.5	0	0	2/4	2	1	1/8		1/8	1		2	62	D4	4	108
9	9	16	0.375	0	0	2/4	1	1	3/32		1/16	3/2		-1	77	F5	5	101
9	9	131/8	0.125	3/32	3/32	2/4	1	1	1/32		1/32	1		2	74	D5	5	102
9	9	33/2	0.5	1/8	1/8	2/4	2	1	1/8		1/8	1		-3	51	Eb3	3	109
9	9	33/2	0.5	1/8	1/8	2/4	2	1	1/8		1/8	1		-3	63	Eb4	4	109
9	9	33/2	0.375	1/8	1/8	2/4	1	1	3/32		1/16	3/2		0	72	C5	5	103
9	9	135/8	0.125	7/32	7/32	2/4	1	1	1/32		1/32	1		1	79	G5	5	104
9	9	17	0.5	1/4	1/4	2/4	2	1	1/8		1/8	1		-1	53	F3	3	110
9	9	17	0.5	1/4	1/4	2/4	2	1	1/8		1/8	1		2	62	D4	4	110
9	9	17	0.5	1/4	1/4	2/4	1	1	1/8		1/8	1		-2	70	Bb4	4	105
9	9	35/2	0.0	3/8	3/8	2/4	1	1	0	grace16	1/16	1		2	74	D5	5	106
9	9	35/2	0.5	3/8	3/8	2/4	2	1	1/8		1/8	1		-1	53	F3	3	111
9	9	35/2	0.5	3/8	3/8	2/4	2	1	1/8		1/8	1		-3	63	Eb4	4	111
9	9	35/2	0.5	3/8	3/8	2/4	1	1	1/8		1/8	1		3	69	A4	4	107
9	9	35/2	0.5	3/8	3/8	2/4	1	1	1/8		1/8	1		0	72	C5	5	107
10	10	18	1.5	0	0	2/4	2	1	3/8		1/4	3/2		-2	46	Bb2	2	114
10	10	18	1.5	0	0	2/4	2	1	3/8		1/4	3/2		-2	58	Bb3	3	114
10	10	18	1.0	0	0	2/4	1	1	1/4		1/4	1		-3	63	Eb4	4	112
10	10	18	1.0	0	0	2/4	1	1	1/4		1/4	1		3	69	A4	4	112
10	10	18	1.0	0	0	2/4	1	1	1/4		1/4	1		0	72	C5	5	112
10	10	19	0.5	1/4	1/4	2/4	1	1	1/8		1/8	1		2	62	D4	4	113
10	10	19	0.5	1/4	1/4	2/4	1	1	1/8		1/8	1		-2	70	Bb4	4	113
11	11	20	1.0	0	0	2/4	2	2	1/4		1/4	1		3	45	A2	2	126
11	11	20	0.75	0	0	2/4	1	1	3/16		1/8	3/2		0	60	C4	4	115
11	11	81/4	0.25	1/16	1/16	2/4	2	1	1/16		1/16	1		-1	53	F3	3	120
11	11	41/2	0.25	1/8	1/8	2/4	2	1	1/16		1/16	1		-1	53	F3	3	121
11	11	83/4	0.25	3/16	3/16	2/4	2	1	1/16		1/16	1		-1	53	F3	3	122
11	11	83/4	0.25	3/16	3/16	2/4	1	1	1/16		1/16	1		-1	65	F4	4	116
11	11	21	1.0	1/4	1/4	2/4	2	2	1/4		1/4	1		-2	46	Bb2	2	127
11	11	21	0.25	1/4	1/4	2/4	1	1	1/16		1/16	1		7	61	C#4	4	117
11	11	85/4	0.25	5/16	5/16	2/4	2	1	1/16		1/16	1		-1	53	F3	3	123
11	11	85/4	0.25	5/16	5/16	2/4	1	1	1/16		1/16	1		2	62	D4	4	118
11	11	43/2	0.25	3/8	3/8	2/4	2	1	1/16		1/16	1		-1	53	F3	3	124
11	11	87/4	0.25	7/16	7/16	2/4	2	1	1/16		1/16	1		-1	53	F3	3	125
11	11	175/8	0.125	15/32	15/32	2/4	1	1	1/32		1/32	1		-1	65	F4	4	119
12	12	22	1.0	0	0	2/4	2	2	1/4		1/4	1		2	50	D3	3	142
12	12	22	0.5	0	0	2/4	1	1	1/8		1/8	1	1	-2	70	Bb4	4	128
12	12	89/4	0.25	1/16	1/16	2/4	2	1	1/16		1/16	1		-1	53	F3	3	136
12	12	45/2	0.25	1/8	1/8	2/4	2	1	1/16		1/16	1		-1	53	F3	3	137
12	12	45/2	0.125	1/8	1/8	2/4	1	1	1/32		1/32	1	-1	-2	70	Bb4	4	129
12	12	181/8	0.125	5/32	5/32	2/4	1	1	1/32		1/32	1		2	74	D5	5	130
12	12	91/4	0.25	3/16	3/16	2/4	2	1	1/16		1/16	1		-1	53	F3	3	138
12	12	91/4	0.125	3/16	3/16	2/4	1	1	1/32		1/32	1		0	72	C5	5	131
12	12	183/8	0.125	7/32	7/32	2/4	1	1	1/32		1/32	1		-2	70	Bb4	4	132
12	12	23	1.0	1/4	1/4	2/4	2	2	1/4		1/4	1		0	48	C3	3	143
12	12	23	0.25	1/4	1/4	2/4	1	1	1/16		1/16	1		8	68	G#4	4	133
12	12	93/4	0.25	5/16	5/16	2/4	2	1	1/16		1/16	1		-1	53	F3	3	139
12	12	93/4	0.25	5/16	5/16	2/4	1	1	1/16		1/16	1		3	69	A4	4	134
12	12	47/2	0.25	3/8	3/8	2/4	2	1	1/16		1/16	1		-1	53	F3	3	140
12	12	95/4	0.25	7/16	7/16	2/4	2	1	1/16		1/16	1		-1	53	F3	3	141
12	12	191/8	0.125	15/32	15/32	2/4	1	1	1/32		1/32	1		0	72	C5	5	135
13	13	24	0.5	0	0	2/4	2	1	1/8		1/8	1		3	45	A2	2	151
13	13	24	0.5	0	0	2/4	2	1	1/8		1/8	1		0	48	C3	3	151
13	13	24	0.5	0	0	2/4	2	1	1/8		1/8	1		-1	53	F3	3	151
13	13	24	0.5	0	0	2/4	1	1	1/8		1/8	1		-1	65	F4	4	144
13	13	24	0.5	0	0	2/4	1	1	1/8		1/8	1		-1	77	F5	5	144
13	13	49/2	0.5	1/8	1/8	2/4	2	1	1/8		1/8	1		1	43	G2	2	152
13	13	49/2	0.5	1/8	1/8	2/4	2	1	1/8		1/8	1		-2	46	Bb2	2	152
13	13	49/2	0.5	1/8	1/8	2/4	2	1	1/8		1/8	1		4	52	E3	3	152
13	13	49/2	0.5	1/8	1/8	2/4	1	1	1/8		1/8	1		1	67	G4	4	145
13	13	49/2	0.5	1/8	1/8	2/4	1	1	1/8		1/8	1		1	79	G5	5	145
13	13	25	0.5	1/4	1/4	2/4	2	1	1/8		1/8	1		-1	41	F2	2	153
13	13	25	0.5	1/4	1/4	2/4	2	1	1/8		1/8	1		0	48	C3	3	153
13	13	25	0.5	1/4	1/4	2/4	2	1	1/8		1/8	1		-1	53	F3	3	153
13	13	25	0.5	1/4	1/4	2/4	1	1	1/8		1/8	1		3	69	A4	4	146
13	13	25	0.5	1/4	1/4	2/4	1	1	1/8		1/8	1		3	81	A5	5	146
13	13	51/2	0.125	3/8	3/8	2/4	1	1	1/32		1/32	1		-2	82	Bb5	5	147
13	13	205/8	0.125	13/32	13/32	2/4	1	1	1/32		1/32	1		3	81	A5	5	148
13	13	103/4	0.125	7/16	7/16	2/4	1	1	1/32		1/32	1		1	79	G5	5	149
13	13	207/8	0.125	15/32	15/32	2/4	1	1	1/32		1/32	1		-1	77	F5	5	150
14	14	26	0.5	0	0	2/4	2	1	1/8		1/8	1		0	60	C4	4	164
14	14	26	0.5	0	0	2/4	2	1	1/8		1/8	1		1	67	G4	4	164
14	14	26	0.5	0	0	2/4	2	1	1/8		1/8	1		-2	70	Bb4	4	164
14	14	26	0.25	0	0	2/4	1	1	1/16		1/16	1		4	76	E5	5	154
14	14	105/4	0.25	1/16	1/16	2/4	1	1	1/16		1/16	1		4	76	E5	5	155
14	14	53/2	0.0	1/8	1/8	2/4	1	1	0	grace32	1/32	1		1	79	G5	5	156
14	14	53/2	0.5	1/8	1/8	2/4	2	1	1/8		1/8	1		0	60	C4	4	165
14	14	53/2	0.5	1/8	1/8	2/4	2	1	1/8		1/8	1		-1	65	F4	4	165
14	14	53/2	0.5	1/8	1/8	2/4	2	1	1/8		1/8	1		3	69	A4	4	165
14	14	53/2	0.25	1/8	1/8	2/4	1	1	1/16		1/16	1		-1	77	F5	5	157
14	14	107/4	0.125	3/16	3/16	2/4	1	1	1/32		1/32	1		4	76	E5	5	158
14	14	215/8	0.125	7/32	7/32	2/4	1	1	1/32		1/32	1		-1	77	F5	5	159
14	14	27	0.5	1/4	1/4	2/4	2	1	1/8		1/8	1		0	60	C4	4	166
14	14	27	0.5	1/4	1/4	2/4	2	1	1/8		1/8	1		4	64	E4	4	166
14	14	27	0.5	1/4	1/4	2/4	2	1	1/8		1/8	1		1	67	G4	4	166
14	14	27	0.25	1/4	1/4	2/4	1	1	1/16		1/16	1		1	79	G5	5	160
14	14	109/4	0.125	5/16	5/16	2/4	1	1	1/32		1/32	1		4	76	E5	5	161
14	14	219/8	0.125	11/32	11/32	2/4	1	1	1/32		1/32	1		0	72	C5	5	162
14	14	223/8	0.125	15/32	15/32	2/4	1	1	1/32		1/32	1		0	72	C5	5	163
15	15	28	1.0	0	0	2/4	2	2	1/4		1/4	1		-1	53	F3	3	182
15	15	28	0.25	0	0	2/4	2	1	1/16		1/16	1		3	57	A3	3	174
15	15	28	0.75	0	0	2/4	1	1	3/16		1/8	3/2		0	84	C6	6	167
15	15	113/4	0.25	1/16	1/16	2/4	2	1	1/16		1/16	1		-1	65	F4	4	175
15	15	57/2	0.25	1/8	1/8	2/4	2	1	1/16		1/16	1		3	57	A3	3	176
15	15	115/4	0.25	3/16	3/16	2/4	2	1	1/16		1/16	1		-1	65	F4	4	177
15	15	115/4	0.125	3/16	3/16	2/4	1	1	1/32		1/32	1		-2	82	Bb5	5	168
15	15	231/8	0.125	7/32	7/32	2/4	1	1	1/32		1/32	1		3	81	A5	5	169
15	15	29	0.25	1/4	1/4	2/4	2	1	1/16		1/16	1		-2	58	Bb3	3	178
15	15	29	0.25	1/4	1/4	2/4	1	1	1/16		1/16	1		3	81	A5	5	170
15	15	117/4	0.25	5/16	5/16	2/4	2	1	1/16		1/16	1		4	64	E4	4	179
15	15	117/4	0.25	5/16	5/16	2/4	1	1	1/16		1/16	1		1	79	G5	5	171
15	15	59/2	0.25	3/8	3/8	2/4	2	1	1/16		1/16	1		-2	58	Bb3	3	180
15	15	59/2	0.25	3/8	3/8	2/4	1	1	1/16		1/16	1		4	76	E5	5	172
15	15	119/4	0.25	7/16	7/16	2/4	2	1	1/16		1/16	1		4	64	E4	4	181
15	15	119/4	0.25	7/16	7/16	2/4	1	1	1/16		1/16	1		0	72	C5	5	173
16	16	30	1.0	0	0	2/4	2	2	1/4		1/4	1		-1	53	F3	3	196
16	16	30	0.25	0	0	2/4	2	1	1/16		1/16	1		3	57	A3	3	188
16	16	30	0.75	0	0	2/4	1	1	3/16		1/8	3/2		-1	77	F5	5	183
16	16	121/4	0.25	1/16	1/16	2/4	2	1	1/16		1/16	1		-1	65	F4	4	189
16	16	61/2	0.25	1/8	1/8	2/4	2	1	1/16		1/16	1		3	57	A3	3	190
16	16	123/4	0.25	3/16	3/16	2/4	2	1	1/16		1/16	1		-1	65	F4	4	191
16	16	123/4	0.25	3/16	3/16	2/4	1	1	1/16		1/16	1		3	81	A5	5	184
16	16	31	0.25	1/4	1/4	2/4	2	1	1/16		1/16	1		-2	58	Bb3	3	192
16	16	31	0.25	1/4	1/4	2/4	1	1	1/16		1/16	1		6	78	F#5	5	185
16	16	125/4	0.25	5/16	5/16	2/4	2	1	1/16		1/16	1		4	64	E4	4	193
16	16	125/4	0.25	5/16	5/16	2/4	1	1	1/16		1/16	1		1	79	G5	5	186
16	16	63/2	0.25	3/8	3/8	2/4	2	1	1/16		1/16	1		-2	58	Bb3	3	194
16	16	127/4	0.25	7/16	7/16	2/4	2	1	1/16		1/16	1		4	64	E4	4	195
16	16	255/8	0.125	15/32	15/32	2/4	1	1	1/32		1/32	1		0	72	C5	5	187
17	17	32	0.25	0	0	2/4	2	1	1/16		1/16	1		3	57	A3	3	210
17	17	32	0.25	0	0	2/4	1	1	1/16		1/16	1		0	84	C6	6	197
17	17	129/4	0.25	1/16	1/16	2/4	2	1	1/16		1/16	1		-1	65	F4	4	211
17	17	129/4	0.125	1/16	1/16	2/4	1	1	1/32		1/32	1		5	83	B5	5	198
17	17	259/8	0.125	3/32	3/32	2/4	1	1	1/32		1/32	1		0	84	C6	6	199
17	17	65/2	0.25	1/8	1/8	2/4	2	1	1/16		1/16	1		3	57	A3	3	212
17	17	65/2	0.125	1/8	1/8	2/4	1	1	1/32		1/32	1		2	86	D6	6	200
17	17	261/8	0.125	5/32	5/32	2/4	1	1	1/32		1/32	1		0	84	C6	6	201
17	17	131/4	0.25	3/16	3/16	2/4	2	1	1/16		1/16	1		-1	65	F4	4	213
17	17	131/4	0.125	3/16	3/16	2/4	1	1	1/32		1/32	1		-2	82	Bb5	5	202
17	17	263/8	0.125	7/32	7/32	2/4	1	1	1/32		1/32	1		3	81	A5	5	203
17	17	33	0.25	1/4	1/4	2/4	2	1	1/16		1/16	1		-2	58	Bb3	3	214
17	17	33	0.125	1/4	1/4	2/4	1	1	1/32		1/32	1		3	81	A5	5	204
17	17	265/8	0.125	9/32	9/32	2/4	1	1	1/32		1/32	1		1	79	G5	5	205
17	17	133/4	0.25	5/16	5/16	2/4	2	1	1/16		1/16	1		4	64	E4	4	215
17	17	133/4	0.125	5/16	5/16	2/4	1	1	1/32		1/32	1		6	78	F#5	5	206
17	17	267/8	0.125	11/32	11/32	2/4	1	1	1/32		1/32	1		1	79	G5	5	207
17	17	67/2	0.25	3/8	3/8	2/4	2	1	1/16		1/16	1		-2	58	Bb3	3	216
17	17	67/2	0.25	3/8	3/8	2/4	1	1	1/16		1/16	1		4	76	E5	5	208
17	17	135/4	0.25	7/16	7/16	2/4	2	1	1/16		1/16	1		4	64	E4	4	217
17	17	135/4	0.25	7/16	7/16	2/4	1	1	1/16		1/16	1		0	72	C5	5	209
18	18	34	0.25	0	0	2/4	2	1	1/16		1/16	1		3	57	A3	3	226
18	18	34	0.5	0	0	2/4	1	1	1/8		1/8	1	1	-1	77	F5	5	218
18	18	137/4	0.25	1/16	1/16	2/4	2	1	1/16		1/16	1		-1	65	F4	4	227
18	18	69/2	0.25	1/8	1/8	2/4	2	1	1/16		1/16	1		3	57	A3	3	228
18	18	69/2	0.125	1/8	1/8	2/4	1	1	1/32		1/32	1	-1	-1	77	F5	5	219
18	18	277/8	0.125	5/32	5/32	2/4	1	1	1/32		1/32	1		3	81	A5	5	220
18	18	139/4	0.25	3/16	3/16	2/4	2	1	1/16		1/16	1		-1	65	F4	4	229
18	18	139/4	0.125	3/16	3/16	2/4	1	1	1/32		1/32	1		0	84	C6	6	221
18	18	279/8	0.125	7/32	7/32	2/4	1	1	1/32		1/32	1		3	81	A5	5	222
18	18	35	0.25	1/4	1/4	2/4	2	1	1/16		1/16	1		-2	58	Bb3	3	230
18	18	35	0.25	1/4	1/4	2/4	1	1	1/16		1/16	1		6	78	F#5	5	223
18	18	141/4	0.25	5/16	5/16	2/4	2	1	1/16		1/16	1		4	64	E4	4	231
18	18	141/4	0.25	5/16	5/16	2/4	1	1	1/16		1/16	1		1	79	G5	5	224
18	18	71/2	0.25	3/8	3/8	2/4	2	1	1/16		1/16	1		-2	58	Bb3	3	232
18	18	143/4	0.25	7/16	7/16	2/4	2	1	1/16		1/16	1		4	64	E4	4	233
18	18	287/8	0.125	15/32	15/32	2/4	1	1	1/32		1/32	1		0	72	C5	5	225
19	19	36	1.0	0	0	2/4	2	1	1/4		1/4	1		-1	53	F3	3	250
19	19	36	1.0	0	0	2/4	2	1	1/4		1/4	1		3	57	A3	3	250
19	19	36	1.0	0	0	2/4	2	1	1/4		1/4	1		-1	65	F4	4	250
19	19	36	0.125	0	0	2/4	1	1	1/32		1/32	1		-1	77	F5	5	234
19	19	289/8	0.125	1/32	1/32	2/4	1	1	1/32		1/32	1		4	76	E5	5	235
19	19	145/4	0.125	1/16	1/16	2/4	1	1	1/32		1/32	1		1	79	G5	5	236
19	19	291/8	0.125	3/32	3/32	2/4	1	1	1/32		1/32	1		-1	77	F5	5	237
19	19	73/2	0.125	1/8	1/8	2/4	1	1	1/32		1/32	1		3	81	A5	5	238
19	19	293/8	0.125	5/32	5/32	2/4	1	1	1/32		1/32	1		1	79	G5	5	239
19	19	147/4	0.125	3/16	3/16	2/4	1	1	1/32		1/32	1		-2	82	Bb5	5	240
19	19	295/8	0.125	7/32	7/32	2/4	1	1	1/32		1/32	1		3	81	A5	5	241
19	19	37	0.125	1/4	1/4	2/4	1	1	1/32		1/32	1		0	84	C6	6	242
19	19	297/8	0.125	9/32	9/32	2/4	1	1	1/32		1/32	1		-2	82	Bb5	5	243
19	19	149/4	0.125	5/16	5/16	2/4	1	1	1/32		1/32	1		3	81	A5	5	244
19	19	299/8	0.125	11/32	11/32	2/4	1	1	1/32		1/32	1		1	79	G5	5	245
19	19	75/2	0.5	3/8	3/8	2/4	2	1	1/8		1/8	1		3	57	A3	3	251
19	19	75/2	0.5	3/8	3/8	2/4	2	1	1/8		1/8	1		-1	65	F4	4	251
19	19	75/2	0.125	3/8	3/8	2/4	1	1	1/32		1/32	1		-1	77	F5	5	246
19	19	301/8	0.125	13/32	13/32	2/4	1	1	1/32		1/32	1		4	76	E5	5	247
19	19	151/4	0.125	7/16	7/16	2/4	1	1	1/32		1/32	1		1	79	G5	5	248
19	19	303/8	0.125	15/32	15/32	2/4	1	1	1/32		1/32	1		-1	77	F5	5	249
20	20	38	1.0	0	0	2/4	2	1	1/4		1/4	1		-2	58	Bb3	3	268
20	20	38	1.0	0	0	2/4	2	1	1/4		1/4	1		-1	65	F4	4	268
20	20	38	0.125	0	0	2/4	1	1	1/32		1/32	1		4	76	E5	5	252
20	20	305/8	0.125	1/32	1/32	2/4	1	1	1/32		1/32	1		2	74	D5	5	253
20	20	153/4	0.125	1/16	1/16	2/4	1	1	1/32		1/32	1		7	73	C#5	5	254
20	20	307/8	0.125	3/32	3/32	2/4	1	1	1/32		1/32	1		2	74	D5	5	255
20	20	77/2	0.125	1/8	1/8	2/4	1	1	1/32		1/32	1		7	73	C#5	5	256
20	20	309/8	0.125	5/32	5/32	2/4	1	1	1/32		1/32	1		2	74	D5	5	257
20	20	155/4	0.125	3/16	3/16	2/4	1	1	1/32		1/32	1		4	76	E5	5	258
20	20	311/8	0.125	7/32	7/32	2/4	1	1	1/32		1/32	1		2	74	D5	5	259
20	20	39	1.0	1/4	1/4	2/4	2	1	1/4		1/4	1		-2	58	Bb3	3	269
20	20	39	1.0	1/4	1/4	2/4	2	1	1/4		1/4	1		2	62	D4	4	269
20	20	39	1.0	1/4	1/4	2/4	2	1	1/4		1/4	1		1	67	G4	4	269
20	20	39	0.125	1/4	1/4	2/4	1	1	1/32		1/32	1		0	72	C5	5	260
20	20	313/8	0.125	9/32	9/32	2/4	1	1	1/32		1/32	1		-2	70	Bb4	4	261
20	20	157/4	0.125	5/16	5/16	2/4	1	1	1/32		1/32	1		3	69	A4	4	262
20	20	315/8	0.125	11/32	11/32	2/4	1	1	1/32		1/32	1		-2	70	Bb4	4	263
20	20	79/2	0.125	3/8	3/8	2/4	1	1	1/32		1/32	1		3	69	A4	4	264
20	20	317/8	0.125	13/32	13/32	2/4	1	1	1/32		1/32	1		-2	70	Bb4	4	265
20	20	159/4	0.125	7/16	7/16	2/4	1	1	1/32		1/32	1		0	72	C5	5	266
20	20	319/8	0.125	15/32	15/32	2/4	1	1	1/32		1/32	1		-2	70	Bb4	4	267
21	21	40	1.0	0	0	2/4	2	1	1/4		1/4	1		-2	58	Bb3	3	282
21	21	40	1.0	0	0	2/4	2	1	1/4		1/4	1		2	62	D4	4	282
21	21	40	0.125	0	0	2/4	1	1	1/32		1/32	1		3	69	A4	4	270
21	21	321/8	0.125	1/32	1/32	2/4	1	1	1/32		1/32	1		1	67	G4	4	271
21	21	161/4	0.125	1/16	1/16	2/4	1	1	1/32		1/32	1		6	66	F#4	4	272
21	21	323/8	0.125	3/32	3/32	2/4	1	1	1/32		1/32	1		1	67	G4	4	273
21	21	81/2	0.125	1/8	1/8	2/4	1	1	1/32		1/32	1		3	69	A4	4	274
21	21	325/8	0.125	5/32	5/32	2/4	1	1	1/32		1/32	1		1	67	G4	4	275
21	21	163/4	0.125	3/16	3/16	2/4	1	1	1/32		1/32	1		-2	70	Bb4	4	276
21	21	327/8	0.125	7/32	7/32	2/4	1	1	1/32		1/32	1		3	69	A4	4	277
21	21	41	0.25	1/4	1/4	2/4	1	1	1/16		1/16	1		0	72	C5	5	278
21	21	165/4	0.125	5/16	5/16	2/4	1	1	1/32		1/32	1		-2	70	Bb4	4	279
21	21	331/8	0.125	11/32	11/32	2/4	1	1	1/32		1/32	1		2	74	D5	5	280
21	21	83/2	0.5	3/8	3/8	2/4	2	1	1/8		1/8	1		4	52	E3	3	283
21	21	83/2	0.5	3/8	3/8	2/4	2	1	1/8		1/8	1		1	55	G3	3	283
21	21	83/2	0.5	3/8	3/8	2/4	2	1	1/8		1/8	1		-2	58	Bb3	3	283
21	21	335/8	0.125	15/32	15/32	2/4	1	1	1/32		1/32	1		2	74	D5	5	281
22	22	42	0.5	0	0	2/4	2	1	1/8		1/8	1		-1	53	F3	3	291
22	22	42	0.5	0	0	2/4	2	1	1/8		1/8	1		3	57	A3	3	291
22	22	42	0.375	0	0	2/4	1	1	3/32		1/16	3/2		0	72	C5	5	284
22	22	339/8	0.125	3/32	3/32	2/4	1	1	1/32		1/32	1		3	69	A4	4	285
22	22	85/2	0.5	1/8	1/8	2/4	2	1	1/8		1/8	1		-2	46	Bb2	2	292
22	22	85/2	0.5	1/8	1/8	2/4	2	1	1/8		1/8	1		-2	58	Bb3	3	292
22	22	85/2	0.375	1/8	1/8	2/4	1	1	3/32		1/16	3/2		1	67	G4	4	286
22	22	343/8	0.125	7/32	7/32	2/4	1	1	1/32		1/32	1		2	74	D5	5	287
22	22	43	0.5	1/4	1/4	2/4	2	1	1/8		1/8	1		0	48	C3	3	293
22	22	43	0.5	1/4	1/4	2/4	2	1	1/8		1/8	1		3	57	A3	3	293
22	22	43	0.5	1/4	1/4	2/4	1	1	1/8		1/8	1		-1	65	F4	4	288
22	22	87/2	0.0	3/8	3/8	2/4	1	1	0	grace16	1/16	1		3	69	A4	4	289
22	22	87/2	0.5	3/8	3/8	2/4	2	1	1/8		1/8	1		0	48	C3	3	294
22	22	87/2	0.5	3/8	3/8	2/4	2	1	1/8		1/8	1		-2	58	Bb3	3	294
22	22	87/2	0.5	3/8	3/8	2/4	1	1	1/8		1/8	1		4	64	E4	4	290
22	22	87/2	0.5	3/8	3/8	2/4	1	1	1/8		1/8	1		1	67	G4	4	290
23	23	44	1.0	0	0	2/4	2	1	1/4		1/4	1		-1	53	F3	3	311
23	23	44	1.0	0	0	2/4	2	1	1/4		1/4	1		3	57	A3	3	311
23	23	44	0.125	0	0	2/4	1	1	1/32		1/32	1		-1	65	F4	4	295
23	23	353/8	0.125	1/32	1/32	2/4	1	1	1/32		1/32	1		0	84	C6	6	296
23	23	177/4	0.125	1/16	1/16	2/4	1	1	1/32		1/32	1		-2	82	Bb5	5	297
23	23	355/8	0.125	3/32	3/32	2/4	1	1	1/32		1/32	1		3	81	A5	5	298
23	23	89/2	0.125	1/8	1/8	2/4	1	1	1/32		1/32	1		1	79	G5	5	299
23	23	357/8	0.125	5/32	5/32	2/4	1	1	1/32		1/32	1		-1	77	F5	5	300
23	23	179/4	0.125	3/16	3/16	2/4	1	1	1/32		1/32	1		4	76	E5	5	301
23	23	359/8	0.125	7/32	7/32	2/4	1	1	1/32		1/32	1		2	74	D5	5	302
23	23	45	0.125	1/4	1/4	2/4	1	1	1/32		1/32	1		0	72	C5	5	303
23	23	361/8	0.125	9/32	9/32	2/4	1	1	1/32		1/32	1		5	71	B4	4	304
23	23	181/4	0.125	5/16	5/16	2/4	1	1	1/32		1/32	1		2	74	D5	5	305
23	23	363/8	0.125	11/32	11/32	2/4	1	1	1/32		1/32	1		0	72	C5	5	306
23	23	91/2	0.125	3/8	3/8	2/4	1	1	1/32		1/32	1		5	71	B4	4	307
23	23	365/8	0.125	13/32	13/32	2/4	1	1	1/32		1/32	1		0	72	C5	5	308
23	23	183/4	0.125	7/16	7/16	2/4	1	1	1/32		1/32	1		2	74	D5	5	309
23	23	367/8	0.125	15/32	15/32	2/4	1	1	1/32		1/32	1		0	72	C5	5	310
24	24	46	0.5	0	0	2/4	2	1	1/8		1/8	1		-1	53	F3	3	319
24	24	46	0.5	0	0	2/4	2	1	1/8		1/8	1		3	57	A3	3	319
24	24	46	0.375	0	0	2/4	1	1	3/32		1/16	3/2		0	72	C5	5	312
24	24	371/8	0.125	3/32	3/32	2/4	1	1	1/32		1/32	1		3	69	A4	4	313
24	24	93/2	0.5	1/8	1/8	2/4	2	1	1/8		1/8	1		-2	46	Bb2	2	320
24	24	93/2	0.5	1/8	1/8	2/4	2	1	1/8		1/8	1		-2	58	Bb3	3	320
24	24	93/2	0.375	1/8	1/8	2/4	1	1	3/32		1/16	3/2		1	67	G4	4	314
24	24	375/8	0.125	7/32	7/32	2/4	1	1	1/32		1/32	1		2	74	D5	5	315
24	24	47	0.5	1/4	1/4	2/4	2	1	1/8		1/8	1		0	48	C3	3	321
24	24	47	0.5	1/4	1/4	2/4	2	1	1/8		1/8	1		3	57	A3	3	321
24	24	47	0.5	1/4	1/4	2/4	1	1	1/8		1/8	1		-1	65	F4	4	316
24	24	95/2	0.0	3/8	3/8	2/4	1	1	0	grace16	1/16	1		3	69	A4	4	317
24	24	95/2	0.5	3/8	3/8	2/4	2	1	1/8		1/8	1		0	48	C3	3	322
24	24	95/2	0.5	3/8	3/8	2/4	2	1	1/8		1/8	1		-2	58	Bb3	3	322
24	24	95/2	0.5	3/8	3/8	2/4	1	1	1/8		1/8	1		4	64	E4	4	318
24	24	95/2	0.5	3/8	3/8	2/4	1	1	1/8		1/8	1		1	67	G4	4	318
25	25	48	1.0	0	0	2/4	2	2	1/4		1/4	1		-1	53	F3	3	333
25	25	48	0.25	0	0	2/4	2	1	1/16		1/16	1		3	57	A3	3	326
25	25	48	1.0	0	0	2/4	1	1	1/4		1/4	1		-1	65	F4	4	323
25	25	193/4	0.25	1/16	1/16	2/4	2	1	1/16		1/16	1		-1	65	F4	4	327
25	25	97/2	0.25	1/8	1/8	2/4	2	1	1/16		1/16	1		-1	65	F4	4	328
25	25	195/4	0.25	3/16	3/16	2/4	2	1	1/16		1/16	1		-1	65	F4	4	329
25	25	49	1.0	1/4	1/4	2/4	2	2	1/4		1/4	1		-1	53	F3	3	334
25	25	49	1.0	1/4	1/4	2/4	2	2	1/4		1/4	1		-2	58	Bb3	3	334
25	25	49	0.75	1/4	1/4	2/4	1	1	3/16		1/8	3/2		2	74	D5	5	324
25	25	197/4	0.25	5/16	5/16	2/4	2	1	1/16		1/16	1		-1	65	F4	4	330
25	25	99/2	0.25	3/8	3/8	2/4	2	1	1/16		1/16	1		-1	65	F4	4	331
25	25	199/4	0.25	7/16	7/16	2/4	2	1	1/16		1/16	1		-1	65	F4	4	332
25	25	199/4	0.25	7/16	7/16	2/4	1	1	1/16		1/16	1		1	79	G5	5	325
26	26	50	1.0	0	0	2/4	2	2	1/4		1/4	1		-1	53	F3	3	352
26	26	50	1.0	0	0	2/4	2	2	1/4		1/4	1		0	60	C4	4	352
26	26	50	0.375	0	0	2/4	1	1	3/32		1/16	3/2		-1	77	F5	5	335
26	26	201/4	0.25	1/16	1/16	2/4	2	1	1/16		1/16	1		-1	65	F4	4	346
26	26	403/8	0.125	3/32	3/32	2/4	1	1	1/32		1/32	1		4	76	E5	5	336
26	26	101/2	0.25	1/8	1/8	2/4	2	1	1/16		1/16	1		-1	65	F4	4	347
26	26	101/2	0.25	1/8	1/8	2/4	1	1	1/16		1/16	1		-3	75	Eb5	5	337
26	26	203/4	0.25	3/16	3/16	2/4	2	1	1/16		1/16	1		-1	65	F4	4	348
26	26	51	1.0	1/4	1/4	2/4	2	2	1/4		1/4	1		-1	53	F3	3	353
26	26	51	1.0	1/4	1/4	2/4	2	2	1/4		1/4	1		3	57	A3	3	353
26	26	51	0.125	1/4	1/4	2/4	1	1	1/32		1/32	1		2	86	D6	6	338
26	26	409/8	0.125	9/32	9/32	2/4	1	1	1/32		1/32	1		0	84	C6	6	339
26	26	205/4	0.25	5/16	5/16	2/4	2	1	1/16		1/16	1		-1	65	F4	4	349
26	26	205/4	0.125	5/16	5/16	2/4	1	1	1/32		1/32	1		-2	82	Bb5	5	340
26	26	411/8	0.125	11/32	11/32	2/4	1	1	1/32		1/32	1		3	81	A5	5	341
26	26	103/2	0.25	3/8	3/8	2/4	2	1	1/16		1/16	1		-1	65	F4	4	350
26	26	103/2	0.125	3/8	3/8	2/4	1	1	1/32		1/32	1		1	79	G5	5	342
26	26	413/8	0.125	13/32	13/32	2/4	1	1	1/32		1/32	1		-1	77	F5	5	343
26	26	207/4	0.25	7/16	7/16	2/4	2	1	1/16		1/16	1		-1	65	F4	4	351
26	26	207/4	0.125	7/16	7/16	2/4	1	1	1/32		1/32	1		4	76	E5	5	344
26	26	415/8	0.125	15/32	15/32	2/4	1	1	1/32		1/32	1		-3	75	Eb5	5	345
27	27	52	1.0	0	0	2/4	2	2	1/4		1/4	1		-1	53	F3	3	367
27	27	52	1.0	0	0	2/4	2	2	1/4		1/4	1		-2	58	Bb3	3	367
27	27	52	0.5	0	0	2/4	1	1	1/8		1/8	1		7	73	C#5	5	354
27	27	209/4	0.25	1/16	1/16	2/4	2	1	1/16		1/16	1		-1	65	F4	4	361
27	27	105/2	0.25	1/8	1/8	2/4	2	1	1/16		1/16	1		-1	65	F4	4	362
27	27	105/2	0.25	1/8	1/8	2/4	1	1	1/16		1/16	1		2	74	D5	5	355
27	27	211/4	0.25	3/16	3/16	2/4	2	1	1/16		1/16	1		-1	65	F4	4	363
27	27	53	1.0	1/4	1/4	2/4	2	2	1/4		1/4	1		-1	53	F3	3	368
27	27	53	1.0	1/4	1/4	2/4	2	2	1/4		1/4	1		2	62	D4	4	368
27	27	53	0.5	1/4	1/4	2/4	1	1	1/8		1/8	1		-2	82	Bb5	5	356
27	27	213/4	0.25	5/16	5/16	2/4	2	1	1/16		1/16	1		-1	65	F4	4	364
27	27	107/2	0.25	3/8	3/8	2/4	2	1	1/16		1/16	1		-1	65	F4	4	365
27	27	107/2	0.125	3/8	3/8	2/4	1	1	1/32		1/32	1		-2	82	Bb5	5	357
27	27	429/8	0.125	13/32	13/32	2/4	1	1	1/32		1/32	1		2	86	D6	6	358
27	27	215/4	0.25	7/16	7/16	2/4	2	1	1/16		1/16	1		-1	65	F4	4	366
27	27	215/4	0.125	7/16	7/16	2/4	1	1	1/32		1/32	1		0	84	C6	6	359
27	27	431/8	0.125	15/32	15/32	2/4	1	1	1/32		1/32	1		-2	82	Bb5	5	360
28	28	54	1.0	0	0	2/4	2	2	1/4		1/4	1		-1	53	F3	3	386
28	28	54	1.0	0	0	2/4	2	2	1/4		1/4	1		0	60	C4	4	386
28	28	54	0.25	0	0	2/4	1	1	1/16		1/16	1		8	80	G#5	5	369
28	28	217/4	0.25	1/16	1/16	2/4	2	1	1/16		1/16	1		-1	65	F4	4	380
28	28	217/4	0.25	1/16	1/16	2/4	1	1	1/16		1/16	1		3	81	A5	5	370
28	28	109/2	0.25	1/8	1/8	2/4	2	1	1/16		1/16	1		-1	65	F4	4	381
28	28	219/4	0.25	3/16	3/16	2/4	2	1	1/16		1/16	1		-1	65	F4	4	382
28	28	439/8	0.125	7/32	7/32	2/4	1	1	1/32		1/32	1		3	81	A5	5	371
28	28	55	1.0	1/4	1/4	2/4	2	2	1/4		1/4	1		-1	53	F3	3	387
28	28	55	1.0	1/4	1/4	2/4	2	2	1/4		1/4	1		-2	58	Bb3	3	387
28	28	55	0.125	1/4	1/4	2/4	1	1	1/32		1/32	1		6	78	F#5	5	372
28	28	441/8	0.125	9/32	9/32	2/4	1	1	1/32		1/32	1		1	79	G5	5	373
28	28	221/4	0.25	5/16	5/16	2/4	2	1	1/16		1/16	1		4	64	E4	4	383
28	28	221/4	0.125	5/16	5/16	2/4	1	1	1/32		1/32	1		-2	82	Bb5	5	374
28	28	443/8	0.125	11/32	11/32	2/4	1	1	1/32		1/32	1		3	81	A5	5	375
28	28	111/2	0.25	3/8	3/8	2/4	2	1	1/16		1/16	1		4	64	E4	4	384
28	28	111/2	0.125	3/8	3/8	2/4	1	1	1/32		1/32	1		0	84	C6	6	376
28	28	445/8	0.125	13/32	13/32	2/4	1	1	1/32		1/32	1		-2	82	Bb5	5	377
28	28	223/4	0.25	7/16	7/16	2/4	2	1	1/16		1/16	1		4	64	E4	4	385
28	28	223/4	0.125	7/16	7/16	2/4	1	1	1/32		1/32	1		3	81	A5	5	378
28	28	447/8	0.125	15/32	15/32	2/4	1	1	1/32		1/32	1		1	79	G5	5	379
29	29	56	1.0	0	0	2/4	2	2	1/4		1/4	1		-1	53	F3	3	406
29	29	56	1.0	0	0	2/4	2	2	1/4		1/4	1		3	57	A3	3	406
29	29	56	0.375	0	0	2/4	1	1	3/32		1/16	3/2		0	84	C6	6	388
29	29	225/4	0.25	1/16	1/16	2/4	2	1	1/16		1/16	1		-1	65	F4	4	400
29	29	451/8	0.125	3/32	3/32	2/4	1	1	1/32		1/32	1		3	81	A5	5	389
29	29	113/2	0.25	1/8	1/8	2/4	2	1	1/16		1/16	1		-1	65	F4	4	401
29	29	113/2	0.25	1/8	1/8	2/4	1	1	1/16		1/16	1		-1	77	F5	5	390
29	29	227/4	0.25	3/16	3/16	2/4	2	1	1/16		1/16	1		-1	65	F4	4	402
29	29	455/8	0.125	7/32	7/32	2/4	1	1	1/32		1/32	1		3	81	A5	5	391
29	29	57	1.0	1/4	1/4	2/4	2	2	1/4		1/4	1		-1	53	F3	3	407
29	29	57	1.0	1/4	1/4	2/4	2	2	1/4		1/4	1		-2	58	Bb3	3	407
29	29	57	0.125	1/4	1/4	2/4	1	1	1/32		1/32	1		6	78	F#5	5	392
29	29	457/8	0.125	9/32	9/32	2/4	1	1	1/32		1/32	1		1	79	G5	5	393
29	29	229/4	0.25	5/16	5/16	2/4	2	1	1/16		1/16	1		4	64	E4	4	403
29	29	229/4	0.125	5/16	5/16	2/4	1	1	1/32		1/32	1		-2	82	Bb5	5	394
29	29	459/8	0.125	11/32	11/32	2/4	1	1	1/32		1/32	1		3	81	A5	5	395
29	29	115/2	0.25	3/8	3/8	2/4	2	1	1/16		1/16	1		4	64	E4	4	404
29	29	115/2	0.125	3/8	3/8	2/4	1	1	1/32		1/32	1		0	84	C6	6	396
29	29	461/8	0.125	13/32	13/32	2/4	1	1	1/32		1/32	1		-2	82	Bb5	5	397
29	29	231/4	0.25	7/16	7/16	2/4	2	1	1/16		1/16	1		4	64	E4	4	405
29	29	231/4	0.125	7/16	7/16	2/4	1	1	1/32		1/32	1		3	81	A5	5	398
29	29	463/8	0.125	15/32	15/32	2/4	1	1	1/32		1/32	1		1	79	G5	5	399
30	30	58	0.5	0	0	2/4	2	2	1/8		1/8	1		-1	53	F3	3	428
30	30	58	0.25	0	0	2/4	2	1	1/16		1/16	1		3	57	A3	3	420
30	30	58	0.25	0	0	2/4	1	1	1/16		1/16	1		0	84	C6	6	408
30	30	233/4	0.25	1/16	1/16	2/4	2	1	1/16		1/16	1		-1	65	F4	4	421
30	30	233/4	0.125	1/16	1/16	2/4	1	1	1/32		1/32	1		3	81	A5	5	409
30	30	467/8	0.125	3/32	3/32	2/4	1	1	1/32		1/32	1		-1	77	F5	5	410
30	30	117/2	0.5	1/8	1/8	2/4	2	2	1/8		1/8	1		-1	53	F3	3	429
30	30	117/2	0.25	1/8	1/8	2/4	2	1	1/16		1/16	1		-2	58	Bb3	3	422
30	30	117/2	0.25	1/8	1/8	2/4	1	1	1/16		1/16	1		0	84	C6	6	411
30	30	235/4	0.25	3/16	3/16	2/4	2	1	1/16		1/16	1		4	64	E4	4	423
30	30	235/4	0.125	3/16	3/16	2/4	1	1	1/32		1/32	1		-2	82	Bb5	5	412
30	30	471/8	0.125	7/32	7/32	2/4	1	1	1/32		1/32	1		1	79	G5	5	413
30	30	59	0.5	1/4	1/4	2/4	2	2	1/8		1/8	1		-1	53	F3	3	430
30	30	59	0.25	1/4	1/4	2/4	2	1	1/16		1/16	1		3	57	A3	3	424
30	30	59	0.25	1/4	1/4	2/4	1	1	1/16		1/16	1		0	84	C6	6	414
30	30	237/4	0.25	5/16	5/16	2/4	2	1	1/16		1/16	1		-1	65	F4	4	425
30	30	237/4	0.125	5/16	5/16	2/4	1	1	1/32		1/32	1		3	81	A5	5	415
30	30	475/8	0.125	11/32	11/32	2/4	1	1	1/32		1/32	1		-1	77	F5	5	416
30	30	119/2	0.5	3/8	3/8	2/4	2	2	1/8		1/8	1		-1	53	F3	3	431
30	30	119/2	0.25	3/8	3/8	2/4	2	1	1/16		1/16	1		-2	58	Bb3	3	426
30	30	119/2	0.25	3/8	3/8	2/4	1	1	1/16		1/16	1		0	84	C6	6	417
30	30	239/4	0.25	7/16	7/16	2/4	2	1	1/16		1/16	1		4	64	E4	4	427
30	30	239/4	0.125	7/16	7/16	2/4	1	1	1/32		1/32	1		-2	82	Bb5	5	418
30	30	479/8	0.125	15/32	15/32	2/4	1	1	1/32		1/32	1		1	79	G5	5	419
31	31	60	1.0	0	0	2/4	2	1	1/4		1/4	1		-1	53	F3	3	453
31	31	60	1.0	0	0	2/4	2	1	1/4		1/4	1		3	57	A3	3	453
31	31	60	1.0	0	0	2/4	2	1	1/4		1/4	1		-3	63	Eb4	4	453
31	31	60	1.0	0	0	2/4	1	1	1/4		1/4	1	1	-1	77	F5	5	432
31	31	61	0.125	1/4	1/4	2/4	1	1	1/32		1/32	1	-1	-1	77	F5	5	433
31	31	489/8	0.125	9/32	9/32	2/4	1	1	1/32		1/32	1		4	76	E5	5	434
31	31	245/4	0.125	5/16	5/16	2/4	1	1	1/32		1/32	1		1	79	G5	5	435
31	31	491/8	0.125	11/32	11/32	2/4	1	1	1/32		1/32	1		-1	77	F5	5	436
31	31	123/2	0.125	3/8	3/8	2/4	1	1	1/32		1/32	1		3	81	A5	5	437
31	31	493/8	0.125	13/32	13/32	2/4	1	1	1/32		1/32	1		1	79	G5	5	438
31	31	247/4	0.125	7/16	7/16	2/4	1	1	1/32		1/32	1		-2	82	Bb5	5	439
31	31	495/8	0.125	15/32	15/32	2/4	1	1	1/32		1/32	1		3	81	A5	5	440
31	31	62	0.125	1/2	1/2	2/4	1	1	1/32		1/32	1		0	84	C6	6	441
31	31	497/8	0.125	17/32	17/32	2/4	1	1	1/32		1/32	1		-2	82	Bb5	5	442
31	31	249/4	0.125	9/16	9/16	2/4	1	1	1/32		1/32	1		3	81	A5	5	443
31	31	499/8	0.125	19/32	19/32	2/4	1	1	1/32		1/32	1		1	79	G5	5	444
31	31	125/2	0.125	5/8	5/8	2/4	1	1	1/32		1/32	1		-1	77	F5	5	445
31	31	501/8	0.125	21/32	21/32	2/4	1	1	1/32		1/32	1		4	76	E5	5	446
31	31	251/4	0.125	11/16	11/16	2/4	1	1	1/32		1/32	1		1	79	G5	5	447
31	31	503/8	0.125	23/32	23/32	2/4	1	1	1/32		1/32	1		-1	77	F5	5	448
31	31	63	1.0	3/4	3/4	2/4	1	1	1/4		1/4	1		4	76	E5	5	449
31	31	64	1.0	1	1	2/4	1	1	1/4		1/4	1		-3	75	Eb5	5	450
31	31	65	1.0	5/4	5/4	2/4	1	1	1/4		1/4	1		2	74	D5	5	451
31	31	66	1.0	3/2	3/2	2/4	1	1	1/4		1/4	1		0	72	C5	5	452
32	32	67	1.0	0	0	2/4	2	2	1/4		1/4	1		-2	46	Bb2	2	463
32	32	67	1.0	0	0	2/4	2	2	1/4		1/4	1		-1	53	F3	3	463
32	32	67	1.0	0	0	2/4	1	1	1/4		1/4	1		2	62	D4	4	454
32	32	67	1.0	0	0	2/4	1	1	1/4		1/4	1		-2	70	Bb4	4	454
32	32	269/4	0.25	1/16	1/16	2/4	2	1	1/16		1/16	1		-2	58	Bb3	3	457
32	32	135/2	0.25	1/8	1/8	2/4	2	1	1/16		1/16	1		-2	58	Bb3	3	458
32	32	271/4	0.25	3/16	3/16	2/4	2	1	1/16		1/16	1		-2	58	Bb3	3	459
32	32	68	1.0	1/4	1/4	2/4	2	2	1/4		1/4	1		2	50	D3	3	464
32	32	68	1.0	1/4	1/4	2/4	2	2	1/4		1/4	1		-1	53	F3	3	464
32	32	68	0.5	1/4	1/4	2/4	1	1	1/8		1/8	1		2	62	D4	4	455
32	32	68	0.5	1/4	1/4	2/4	1	1	1/8		1/8	1		-1	65	F4	4	455
32	32	273/4	0.25	5/16	5/16	2/4	2	1	1/16		1/16	1		-2	58	Bb3	3	460
32	32	137/2	0.25	3/8	3/8	2/4	2	1	1/16		1/16	1		-2	58	Bb3	3	461
32	32	137/2	0.5	3/8	3/8	2/4	1	1	1/8		1/8	1		2	62	D4	4	456
32	32	137/2	0.5	3/8	3/8	2/4	1	1	1/8		1/8	1		-1	65	F4	4	456
32	32	275/4	0.25	7/16	7/16	2/4	2	1	1/16		1/16	1		-2	58	Bb3	3	462
33	33	69	1.0	0	0	2/4	2	2	1/4		1/4	1		-2	46	Bb2	2	476
33	33	69	1.0	0	0	2/4	2	2	1/4		1/4	1		-1	53	F3	3	476
33	33	69	1.0	0	0	2/4	1	2	1/4		1/4	1		0	60	C4	4	469
33	33	69	0.75	0	0	2/4	1	1	3/16		1/8	3/2		-3	63	Eb4	4	465
33	33	69	0.75	0	0	2/4	1	1	3/16		1/8	3/2		3	69	A4	4	465
33	33	277/4	0.25	1/16	1/16	2/4	2	1	1/16		1/16	1		-2	58	Bb3	3	470
33	33	139/2	0.25	1/8	1/8	2/4	2	1	1/16		1/16	1		-2	58	Bb3	3	471
33	33	279/4	0.25	3/16	3/16	2/4	2	1	1/16		1/16	1		-2	58	Bb3	3	472
33	33	279/4	0.25	3/16	3/16	2/4	1	1	1/16		1/16	1		-1	65	F4	4	466
33	33	70	1.0	1/4	1/4	2/4	2	2	1/4		1/4	1		-2	46	Bb2	2	477
33	33	70	1.0	1/4	1/4	2/4	2	2	1/4		1/4	1		-1	53	F3	3	477
33	33	70	0.5	1/4	1/4	2/4	1	1	1/8		1/8	1		2	62	D4	4	467
33	33	70	0.5	1/4	1/4	2/4	1	1	1/8		1/8	1		-2	70	Bb4	4	467
33	33	281/4	0.25	5/16	5/16	2/4	2	1	1/16		1/16	1		-2	58	Bb3	3	473
33	33	141/2	0.25	3/8	3/8	2/4	2	1	1/16		1/16	1		-2	58	Bb3	3	474
33	33	283/4	0.25	7/16	7/16	2/4	2	1	1/16		1/16	1		-2	58	Bb3	3	475
33	33	283/4	0.25	7/16	7/16	2/4	1	1	1/16		1/16	1		-1	65	F4	4	468
34	34	71	0.5	0	0	2/4	2	1	1/8		1/8	1		2	62	D4	4	483
34	34	71	0.5	0	0	2/4	1	1	1/8		1/8	1		-1	65	F4	4	478
34	34	71	0.5	0	0	2/4	1	1	1/8		1/8	1		-2	70	Bb4	4	478
34	34	143/2	0.5	1/8	1/8	2/4	2	1	1/8		1/8	1		0	60	C4	4	484
34	34	143/2	0.5	1/8	1/8	2/4	2	1	1/8		1/8	1		-3	63	Eb4	4	484
34	34	143/2	0.5	1/8	1/8	2/4	1	1	1/8		1/8	1		-1	65	F4	4	479
34	34	143/2	0.5	1/8	1/8	2/4	1	1	1/8		1/8	1		3	69	A4	4	479
34	34	143/2	0.5	1/8	1/8	2/4	1	1	1/8		1/8	1		0	72	C5	5	479
34	34	72	0.5	1/4	1/4	2/4	2	1	1/8		1/8	1		-2	58	Bb3	3	485
34	34	72	0.5	1/4	1/4	2/4	2	1	1/8		1/8	1		2	62	D4	4	485
34	34	72	0.5	1/4	1/4	2/4	1	1	1/8		1/8	1		-1	65	F4	4	480
34	34	72	0.5	1/4	1/4	2/4	1	1	1/8		1/8	1		-2	70	Bb4	4	480
34	34	72	0.5	1/4	1/4	2/4	1	1	1/8		1/8	1		2	74	D5	5	480
34	34	145/2	0.0	3/8	3/8	2/4	1	1	0	grace32	1/32	1		-1	77	F5	5	481
34	34	145/2	0.5	3/8	3/8	2/4	2	1	1/8		1/8	1		-3	39	Eb2	2	486
34	34	145/2	0.5	3/8	3/8	2/4	2	1	1/8		1/8	1		-3	51	Eb3	3	486
34	34	145/2	0.5	3/8	3/8	2/4	1	1	1/8		1/8	1		1	67	G4	4	482
34	34	145/2	0.5	3/8	3/8	2/4	1	1	1/8		1/8	1		0	72	C5	5	482
34	34	145/2	0.5	3/8	3/8	2/4	1	1	1/8		1/8	1		-3	75	Eb5	5	482
35	35	73	1.5	0	0	2/4	2	1	3/8		1/4	3/2		-1	41	F2	2	497
35	35	73	1.5	0	0	2/4	2	1	3/8		1/4	3/2		-1	53	F3	3	497
35	35	73	1.0	0	0	2/4	1	1	1/4		1/4	1		-1	65	F4	4	487
35	35	73	1.0	0	0	2/4	1	1	1/4		1/4	1		-2	70	Bb4	4	487
35	35	73	1.0	0	0	2/4	1	1	1/4		1/4	1		2	74	D5	5	487
35	35	74	0.125	1/4	1/4	2/4	1	1	1/32		1/32	1		-1	65	F4	4	488
35	35	74	0.125	1/4	1/4	2/4	1	1	1/32		1/32	1		3	69	A4	4	488
35	35	74	0.125	1/4	1/4	2/4	1	1	1/32		1/32	1		0	72	C5	5	488
35	35	593/8	0.125	9/32	9/32	2/4	1	1	1/32		1/32	1		-1	65	F4	4	489
35	35	297/4	0.125	5/16	5/16	2/4	1	1	1/32		1/32	1		1	67	G4	4	490
35	35	595/8	0.125	11/32	11/32	2/4	1	1	1/32		1/32	1		3	69	A4	4	491
35	35	149/2	0.125	3/8	3/8	2/4	1	1	1/32		1/32	1		-2	70	Bb4	4	492
35	35	597/8	0.125	13/32	13/32	2/4	1	1	1/32		1/32	1		0	72	C5	5	493
35	35	299/4	0.125	7/16	7/16	2/4	1	1	1/32		1/32	1		2	74	D5	5	494
35	35	599/8	0.0	15/32	15/32	2/4	1	1	0	grace32	1/32	1		-1	77	F5	5	495
35	35	599/8	0.125	15/32	15/32	2/4	1	1	1/32		1/32	1		-3	75	Eb5	5	496
36	36	75	1.0	0	0	2/4	2	2	1/4		1/4	1		-2	58	Bb3	3	513
36	36	75	0.75	0	0	2/4	1	1	3/16		1/8	3/2		2	74	D5	5	498
36	36	301/4	0.25	1/16	1/16	2/4	2	1	1/16		1/16	1		-1	65	F4	4	507
36	36	151/2	0.25	1/8	1/8	2/4	2	1	1/16		1/16	1		-1	65	F4	4	508
36	36	303/4	0.25	3/16	3/16	2/4	2	1	1/16		1/16	1		-1	65	F4	4	509
36	36	303/4	0.25	3/16	3/16	2/4	1	1	1/16		1/16	1		-3	75	Eb5	5	499
36	36	76	1.0	1/4	1/4	2/4	2	2	1/4		1/4	1		2	62	D4	4	514
36	36	76	0.25	1/4	1/4	2/4	1	1	1/16		1/16	1		-1	77	F5	5	500
36	36	305/4	0.25	5/16	5/16	2/4	2	1	1/16		1/16	1		-1	65	F4	4	510
36	36	305/4	0.25	5/16	5/16	2/4	1	1	1/16		1/16	1		-1	77	F5	5	501
36	36	153/2	0.25	3/8	3/8	2/4	2	1	1/16		1/16	1		-1	65	F4	4	511
36	36	919/12	0.08333333333333333	19/48	19/48	2/4	1	1	1/48		1/32	2/3		2	86	D6	6	502
36	36	230/3	0.08333333333333333	5/12	5/12	2/4	1	1	1/48		1/32	2/3		0	84	C6	6	503
36	36	307/4	0.25	7/16	7/16	2/4	2	1	1/16		1/16	1		-1	65	F4	4	512
36	36	307/4	0.08333333333333333	7/16	7/16	2/4	1	1	1/48		1/32	2/3		-2	82	Bb5	5	504
36	36	461/6	0.08333333333333333	11/24	11/24	2/4	1	1	1/48		1/32	2/3		3	81	A5	5	505
36	36	923/12	0.08333333333333333	23/48	23/48	2/4	1	1	1/48		1/32	2/3		-2	82	Bb5	5	506
37	37	77	1.0	0	0	2/4	2	1	1/4		1/4	1		-1	53	F3	3	524
37	37	77	1.0	0	0	2/4	2	1	1/4		1/4	1		0	60	C4	4	524
37	37	77	1.0	0	0	2/4	2	1	1/4		1/4	1		-3	63	Eb4	4	524
37	37	77	0.5	0	0	2/4	1	1	1/8		1/8	1	1	3	81	A5	5	515
37	37	155/2	0.08333333333333333	1/8	1/8	2/4	1	1	1/48		1/32	2/3	-1	3	81	A5	5	516
37	37	931/12	0.08333333333333333	7/48	7/48	2/4	1	1	1/48		1/32	2/3		0	84	C6	6	517
37	37	233/3	0.08333333333333333	1/6	1/6	2/4	1	1	1/48		1/32	2/3		-2	82	Bb5	5	518
37	37	311/4	0.08333333333333333	3/16	3/16	2/4	1	1	1/48		1/32	2/3		3	81	A5	5	519
37	37	467/6	0.08333333333333333	5/24	5/24	2/4	1	1	1/48		1/32	2/3		-2	82	Bb5	5	520
37	37	935/12	0.08333333333333333	11/48	11/48	2/4	1	1	1/48		1/32	2/3		0	84	C6	6	521
37	37	78	0.5	1/4	1/4	2/4	2	1	1/8		1/8	1		3	57	A3	3	525
37	37	78	0.5	1/4	1/4	2/4	2	1	1/8		1/8	1		0	60	C4	4	525
37	37	78	0.5	1/4	1/4	2/4	2	1	1/8		1/8	1		-3	63	Eb4	4	525
37	37	78	0.5	1/4	1/4	2/4	1	1	1/8		1/8	1		-1	77	F5	5	522
37	37	631/8	0.125	15/32	15/32	2/4	1	1	1/32		1/32	1		-3	75	Eb5	5	523
38	38	79	0.5	0	0	2/4	2	1	1/8		1/8	1		-2	58	Bb3	3	533
38	38	79	0.5	0	0	2/4	2	1	1/8		1/8	1		2	62	D4	4	533
38	38	79	0.375	0	0	2/4	1	1	3/32		1/16	3/2		-1	77	F5	5	526
38	38	635/8	0.125	3/32	3/32	2/4	1	1	1/32		1/32	1		2	74	D5	5	527
38	38	159/2	0.5	1/8	1/8	2/4	2	1	1/8		1/8	1		-3	51	Eb3	3	534
38	38	159/2	0.5	1/8	1/8	2/4	2	1	1/8		1/8	1		-3	63	Eb4	4	534
38	38	159/2	0.375	1/8	1/8	2/4	1	1	3/32		1/16	3/2		0	72	C5	5	528
38	38	639/8	0.125	7/32	7/32	2/4	1	1	1/32		1/32	1		1	79	G5	5	529
38	38	80	0.5	1/4	1/4	2/4	2	1	1/8		1/8	1		-1	53	F3	3	535
38	38	80	0.5	1/4	1/4	2/4	2	1	1/8		1/8	1		2	62	D4	4	535
38	38	80	0.5	1/4	1/4	2/4	1	1	1/8		1/8	1		-2	70	Bb4	4	530
38	38	161/2	0.0	3/8	3/8	2/4	1	1	0	grace16	1/16	1		2	74	D5	5	531
38	38	161/2	0.5	3/8	3/8	2/4	2	1	1/8		1/8	1		-1	53	F3	3	536
38	38	161/2	0.5	3/8	3/8	2/4	2	1	1/8		1/8	1		-3	63	Eb4	4	536
38	38	161/2	0.5	3/8	3/8	2/4	1	1	1/8		1/8	1		3	69	A4	4	532
38	38	161/2	0.5	3/8	3/8	2/4	1	1	1/8		1/8	1		0	72	C5	5	532
39	39	81	0.5	0	0	2/4	2	1	1/8		1/8	1		-2	58	Bb3	3	554
39	39	81	0.5	0	0	2/4	2	1	1/8		1/8	1		2	62	D4	4	554
39	39	81	0.125	0	0	2/4	1	1	1/32		1/32	1		-2	70	Bb4	4	537
39	39	649/8	0.125	1/32	1/32	2/4	1	1	1/32		1/32	1		2	86	D6	6	538
39	39	325/4	0.125	1/16	1/16	2/4	1	1	1/32		1/32	1		0	84	C6	6	539
39	39	651/8	0.125	3/32	3/32	2/4	1	1	1/32		1/32	1		-2	82	Bb5	5	540
39	39	163/2	0.125	1/8	1/8	2/4	1	1	1/32		1/32	1		3	81	A5	5	541
39	39	653/8	0.0	5/32	5/32	2/4	1	1	0	grace32	1/32	1		0	84	C6	6	542
39	39	653/8	0.125	5/32	5/32	2/4	1	1	1/32		1/32	1		-2	82	Bb5	5	543
39	39	327/4	0.125	3/16	3/16	2/4	1	1	1/32		1/32	1		3	81	A5	5	544
39	39	655/8	0.125	7/32	7/32	2/4	1	1	1/32		1/32	1		1	79	G5	5	545
39	39	82	0.125	1/4	1/4	2/4	1	1	1/32		1/32	1		-1	77	F5	5	546
39	39	657/8	0.125	9/32	9/32	2/4	1	1	1/32		1/32	1		4	76	E5	5	547
39	39	329/4	0.125	5/16	5/16	2/4	1	1	1/32		1/32	1		1	79	G5	5	548
39	39	659/8	0.125	11/32	11/32	2/4	1	1	1/32		1/32	1		-1	77	F5	5	549
39	39	165/2	0.125	3/8	3/8	2/4	1	1	1/32		1/32	1		4	76	E5	5	550
39	39	661/8	0.125	13/32	13/32	2/4	1	1	1/32		1/32	1		-1	77	F5	5	551
39	39	331/4	0.125	7/16	7/16	2/4	1	1	1/32		1/32	1		1	79	G5	5	552
39	39	663/8	0.125	15/32	15/32	2/4	1	1	1/32		1/32	1		-1	77	F5	5	553
40	40	83	0.5	0	0	2/4	2	1	1/8		1/8	1		-2	58	Bb3	3	562
40	40	83	0.5	0	0	2/4	2	1	1/8		1/8	1		2	62	D4	4	562
40	40	83	0.375	0	0	2/4	1	1	3/32		1/16	3/2		-1	77	F5	5	555
40	40	667/8	0.125	3/32	3/32	2/4	1	1	1/32		1/32	1		2	74	D5	5	556
40	40	167/2	0.5	1/8	1/8	2/4	2	1	1/8		1/8	1		-3	51	Eb3	3	563
40	40	167/2	0.5	1/8	1/8	2/4	2	1	1/8		1/8	1		-3	63	Eb4	4	563
40	40	167/2	0.375	1/8	1/8	2/4	1	1	3/32		1/16	3/2		0	72	C5	5	557
40	40	671/8	0.125	7/32	7/32	2/4	1	1	1/32		1/32	1		1	79	G5	5	558
40	40	84	0.5	1/4	1/4	2/4	2	1	1/8		1/8	1		-1	53	F3	3	564
40	40	84	0.5	1/4	1/4	2/4	2	1	1/8		1/8	1		2	62	D4	4	564
40	40	84	0.5	1/4	1/4	2/4	1	1	1/8		1/8	1		-2	70	Bb4	4	559
40	40	169/2	0.0	3/8	3/8	2/4	1	1	0	grace16	1/16	1		2	74	D5	5	560
40	40	169/2	0.5	3/8	3/8	2/4	2	1	1/8		1/8	1		-1	53	F3	3	565
40	40	169/2	0.5	3/8	3/8	2/4	2	1	1/8		1/8	1		-3	63	Eb4	4	565
40	40	169/2	0.5	3/8	3/8	2/4	1	1	1/8		1/8	1		3	69	A4	4	561
40	40	169/2	0.5	3/8	3/8	2/4	1	1	1/8		1/8	1		0	72	C5	5	561
41	41	85	2.0	0	0	2/4	2	2	1/2		1/2	1		-2	46	Bb2	2	577
41	41	85	0.25	0	0	2/4	2	1	1/16		1/16	1		-2	58	Bb3	3	569
41	41	85	1.0	0	0	2/4	1	1	1/4		1/4	1		2	62	D4	4	566
41	41	85	1.0	0	0	2/4	1	1	1/4		1/4	1		-2	70	Bb4	4	566
41	41	341/4	0.25	1/16	1/16	2/4	2	1	1/16		1/16	1		-2	58	Bb3	3	570
41	41	171/2	0.25	1/8	1/8	2/4	2	1	1/16		1/16	1		-2	58	Bb3	3	571
41	41	343/4	0.25	3/16	3/16	2/4	2	1	1/16		1/16	1		-2	58	Bb3	3	572
41	41	86	0.25	1/4	1/4	2/4	2	1	1/16		1/16	1		-2	58	Bb3	3	573
41	41	86	0.75	1/4	1/4	2/4	1	1	3/16		1/8	3/2		-1	77	F5	5	567
41	41	86	0.75	1/4	1/4	2/4	1	1	3/16		1/8	3/2		-4	80	Ab5	5	567
41	41	345/4	0.25	5/16	5/16	2/4	2	1	1/16		1/16	1		-2	58	Bb3	3	574
41	41	173/2	0.25	3/8	3/8	2/4	2	1	1/16		1/16	1		-2	58	Bb3	3	575
41	41	347/4	0.25	7/16	7/16	2/4	2	1	1/16		1/16	1		-2	58	Bb3	3	576
41	41	347/4	0.25	7/16	7/16	2/4	1	1	1/16		1/16	1		2	74	D5	5	568
41	41	347/4	0.25	7/16	7/16	2/4	1	1	1/16		1/16	1		6	78	F#5	5	568
42	42	87	2.0	0	0	2/4	2	2	1/2		1/2	1		-2	46	Bb2	2	592
42	42	87	0.25	0	0	2/4	2	1	1/16		1/16	1		-2	58	Bb3	3	584
42	42	87	0.25	0	0	2/4	1	1	1/16		1/16	1		-3	75	Eb5	5	578
42	42	87	0.25	0	0	2/4	1	1	1/16		1/16	1		1	79	G5	5	578
42	42	349/4	0.25	1/16	1/16	2/4	2	1	1/16		1/16	1		-2	58	Bb3	3	585
42	42	349/4	0.25	1/16	1/16	2/4	1	1	1/16		1/16	1		-3	75	Eb5	5	579
42	42	349/4	0.25	1/16	1/16	2/4	1	1	1/16		1/16	1		1	79	G5	5	579
42	42	175/2	0.25	1/8	1/8	2/4	2	1	1/16		1/16	1		-2	58	Bb3	3	586
42	42	351/4	0.25	3/16	3/16	2/4	2	1	1/16		1/16	1		-2	58	Bb3	3	587
42	42	351/4	0.25	3/16	3/16	2/4	1	1	1/16		1/16	1		1	67	G4	4	580
42	42	351/4	0.25	3/16	3/16	2/4	1	1	1/16		1/16	1		-3	75	Eb5	5	580
42	42	88	0.25	1/4	1/4	2/4	2	1	1/16		1/16	1		-2	58	Bb3	3	588
42	42	88	0.25	1/4	1/4	2/4	1	1	1/16		1/16	1		-3	63	Eb4	4	581
42	42	88	0.25	1/4	1/4	2/4	1	1	1/16		1/16	1		0	72	C5	5	581
42	42	353/4	0.25	5/16	5/16	2/4	2	1	1/16		1/16	1		-2	58	Bb3	3	589
42	42	353/4	0.25	5/16	5/16	2/4	1	1	1/16		1/16	1		-3	63	Eb4	4	582
42	42	353/4	0.25	5/16	5/16	2/4	1	1	1/16		1/16	1		0	72	C5	5	582
42	42	177/2	0.25	3/8	3/8	2/4	2	1	1/16		1/16	1		-2	58	Bb3	3	590
42	42	355/4	0.25	7/16	7/16	2/4	2	1	1/16		1/16	1		-2	58	Bb3	3	591
42	42	355/4	0.25	7/16	7/16	2/4	1	1	1/16		1/16	1		0	60	C4	4	583
42	42	355/4	0.25	7/16	7/16	2/4	1	1	1/16		1/16	1		3	69	A4	4	583
43	43	89	2.0	0	0	2/4	2	2	1/2		1/2	1		-2	46	Bb2	2	604
43	43	89	0.25	0	0	2/4	2	1	1/16		1/16	1		-2	58	Bb3	3	596
43	43	89	1.0	0	0	2/4	1	1	1/4		1/4	1		2	62	D4	4	593
43	43	89	1.0	0	0	2/4	1	1	1/4		1/4	1		-2	70	Bb4	4	593
43	43	357/4	0.25	1/16	1/16	2/4	2	1	1/16		1/16	1		-2	58	Bb3	3	597
43	43	179/2	0.25	1/8	1/8	2/4	2	1	1/16		1/16	1		-2	58	Bb3	3	598
43	43	359/4	0.25	3/16	3/16	2/4	2	1	1/16		1/16	1		-2	58	Bb3	3	599
43	43	90	0.25	1/4	1/4	2/4	2	1	1/16		1/16	1		-2	58	Bb3	3	600
43	43	90	0.75	1/4	1/4	2/4	1	1	3/16		1/8	3/2		-1	77	F5	5	594
43	43	90	0.75	1/4	1/4	2/4	1	1	3/16		1/8	3/2		-4	80	Ab5	5	594
43	43	361/4	0.25	5/16	5/16	2/4	2	1	1/16		1/16	1		-2	58	Bb3	3	601
43	43	181/2	0.25	3/8	3/8	2/4	2	1	1/16		1/16	1		-2	58	Bb3	3	602
43	43	363/4	0.25	7/16	7/16	2/4	2	1	1/16		1/16	1		-2	58	Bb3	3	603
43	43	363/4	0.25	7/16	7/16	2/4	1	1	1/16		1/16	1		2	74	D5	5	595
43	43	363/4	0.25	7/16	7/16	2/4	1	1	1/16		1/16	1		6	78	F#5	5	595
44	44	91	2.0	0	0	2/4	2	2	1/2		1/2	1		-2	46	Bb2	2	620
44	44	91	0.25	0	0	2/4	2	1	1/16		1/16	1		-2	58	Bb3	3	612
44	44	91	0.25	0	0	2/4	1	1	1/16		1/16	1		-3	75	Eb5	5	605
44	44	91	0.25	0	0	2/4	1	1	1/16		1/16	1		1	79	G5	5	605
44	44	365/4	0.25	1/16	1/16	2/4	2	1	1/16		1/16	1		-2	58	Bb3	3	613
44	44	365/4	0.25	1/16	1/16	2/4	1	1	1/16		1/16	1		-3	75	Eb5	5	606
44	44	365/4	0.25	1/16	1/16	2/4	1	1	1/16		1/16	1		1	79	G5	5	606
44	44	183/2	0.25	1/8	1/8	2/4	2	1	1/16		1/16	1		-2	58	Bb3	3	614
44	44	367/4	0.25	3/16	3/16	2/4	2	1	1/16		1/16	1		-2	58	Bb3	3	615
44	44	367/4	0.25	3/16	3/16	2/4	1	1	1/16		1/16	1		1	67	G4	4	607
44	44	367/4	0.25	3/16	3/16	2/4	1	1	1/16		1/16	1		-3	75	Eb5	5	607
44	44	92	0.25	1/4	1/4	2/4	2	1	1/16		1/16	1		-2	58	Bb3	3	616
44	44	92	0.25	1/4	1/4	2/4	1	1	1/16		1/16	1		6	66	F#4	4	608
44	44	92	0.25	1/4	1/4	2/4	1	1	1/16		1/16	1		2	74	D5	5	608
44	44	369/4	0.25	5/16	5/16	2/4	2	1	1/16		1/16	1		-2	58	Bb3	3	617
44	44	369/4	0.25	5/16	5/16	2/4	1	1	1/16		1/16	1		1	67	G4	4	609
44	44	369/4	0.25	5/16	5/16	2/4	1	1	1/16		1/16	1		-3	75	Eb5	5	609
44	44	185/2	0.25	3/8	3/8	2/4	2	1	1/16		1/16	1		-2	58	Bb3	3	618
44	44	185/2	0.25	3/8	3/8	2/4	1	1	1/16		1/16	1		-3	63	Eb4	4	610
44	44	185/2	0.25	3/8	3/8	2/4	1	1	1/16		1/16	1		0	72	C5	5	610
44	44	371/4	0.25	7/16	7/16	2/4	2	1	1/16		1/16	1		-2	58	Bb3	3	619
44	44	371/4	0.25	7/16	7/16	2/4	1	1	1/16		1/16	1		0	60	C4	4	611
44	44	371/4	0.25	7/16	7/16	2/4	1	1	1/16		1/16	1		-3	63	Eb4	4	611
44	44	371/4	0.25	7/16	7/16	2/4	1	1	1/16		1/16	1		3	69	A4	4	611
45	45	93	1.5	0	0	2/4	2	1	3/8		1/4	3/2		-2	46	Bb2	2	623
45	45	93	1.5	0	0	2/4	2	1	3/8		1/4	3/2		-1	53	F3	3	623
45	45	93	1.5	0	0	2/4	2	1	3/8		1/4	3/2		-2	58	Bb3	3	623
45	45	93	1.0	0	0	2/4	1	1	1/4		1/4	1		0	60	C4	4	621
45	45	93	1.0	0	0	2/4	1	1	1/4		1/4	1		-3	63	Eb4	4	621
45	45	93	1.0	0	0	2/4	1	1	1/4		1/4	1		-1	65	F4	4	621
45	45	93	1.0	0	0	2/4	1	1	1/4		1/4	1		3	69	A4	4	621
45	45	94	0.5	1/4	1/4	2/4	1	1	1/8		1/8	1		2	62	D4	4	622
45	45	94	0.5	1/4	1/4	2/4	1	1	1/8		1/8	1		-1	65	F4	4	622
45	45	94	0.5	1/4	1/4	2/4	1	1	1/8		1/8	1		-2	70	Bb4	4	622
