mc	mn	onset	duration	gracenote	nominal_duration	scalar	tied	tpc	midi	staff	voice	volta
1	1	0	1/4		1/4	1		-1	53	2	1	
1	1	0	1/4		1/4	1		0	60	2	1	
1	1	0	1/4		1/4	1		-1	65	1	2	
1	1	0	1/4		1/4	1		3	69	1	1	
1	1	1/4	0	grace16	1/16	1		0	72	1	1	
1	1	1/4	1/4		1/4	1		1	55	2	1	
1	1	1/4	1/4		1/4	1		-2	58	2	1	
1	1	1/4	1/4		1/4	1		4	64	1	2	
1	1	1/4	1/8		1/8	1		-2	70	1	1	
1	1	3/8	1/16		1/16	1		3	69	1	1	
1	1	7/16	1/16		1/16	1		1	67	1	1	
1	1	1/2	1/4		1/4	1		3	57	2	1	
1	1	1/2	1/4		1/4	1		0	60	2	1	
1	1	1/2	1/16		1/16	1		-1	65	1	1	
1	1	1/2	1/16		1/16	1		-1	65	1	2	
1	1	9/16	1/16		1/16	1		-1	65	1	1	
1	1	5/8	1/16		1/16	1		1	67	1	1	
1	1	11/16	1/16		1/16	1		3	69	1	1	
2	2	0	1/4		1/4	1		4	52	2	1	
2	2	0	1/4		1/4	1		0	60	2	1	
2	2	0	1/4		1/4	1		1	67	1	2	
2	2	0	1/8		1/8	1		0	72	1	1	
2	2	1/8	1/32		1/32	1		0	72	1	1	
2	2	5/32	1/32		1/32	1		-2	70	1	1	
2	2	3/16	1/32		1/32	1		3	69	1	1	
2	2	7/32	1/32		1/32	1		-2	70	1	1	
2	2	1/4	1/8		1/8	1		-1	53	2	1	
2	2	1/4	1/8		1/8	1		0	60	2	1	
2	2	1/4	1/8		1/8	1		-1	65	1	2	
2	2	1/4	1/8		1/8	1		3	69	1	1	
2	2	1/2	1/32		1/32	1		-1	65	1	1	
2	2	17/32	1/32		1/32	1		1	67	1	1	
2	2	9/16	1/32		1/32	1		3	69	1	1	
2	2	19/32	1/32		1/32	1		1	67	1	1	
2	2	5/8	1/8		1/8	1		3	57	2	1	
2	2	5/8	1/8		1/8	1		0	60	2	1	
2	2	5/8	1/16		1/16	1		-1	65	1	1	
2	2	11/16	1/16		1/16	1		-1	65	1	1	
3	3	0	3/8		1/4	3/2		1	55	2	1	
3	3	0	3/8		1/4	3/2		-2	58	2	1	
3	3	0	3/8		1/4	3/2		0	60	2	1	
3	3	0	3/32		1/16	3/2		4	64	1	1	
3	3	3/32	1/32		1/32	1		1	67	1	1	
3	3	1/8	3/32		1/16	3/2		-2	70	1	1	
3	3	7/32	1/32		1/32	1		1	67	1	1	
3	3	1/4	1/8		1/8	1		4	64	1	1	
3	3	1/2	1/32		1/32	1		1	67	1	1	
3	3	17/32	1/32		1/32	1		3	69	1	1	
3	3	9/16	1/32		1/32	1		-2	70	1	1	
3	3	19/32	1/32		1/32	1		3	69	1	1	
3	3	5/8	1/8		1/8	1		1	55	2	1	
3	3	5/8	1/8		1/8	1		-2	58	2	1	
3	3	5/8	1/8		1/8	1		4	64	2	1	
3	3	5/8	1/16		1/16	1		1	67	1	1	
3	3	11/16	1/16		1/16	1		1	67	1	1	
4	4	0	3/8		1/4	3/2		3	57	2	1	
4	4	0	3/8		1/4	3/2		0	60	2	1	
4	4	0	3/8		1/4	3/2		-3	63	2	1	
4	4	0	3/32		1/16	3/2		6	66	1	1	
4	4	3/32	1/32		1/32	1		3	69	1	1	
4	4	1/8	3/32		1/16	3/2		0	72	1	1	
4	4	7/32	1/32		1/32	1		3	69	1	1	
4	4	1/4	3/32		1/16	3/2		6	66	1	1	
4	4	11/32	1/32		1/32	1		-3	75	1	1	
4	4	3/8	3/32		1/16	3/2		2	74	1	1	
4	4	15/32	1/32		1/32	1		0	72	1	1	
4	4	1/2	1/4		1/4	1		0	60	2	1	
4	4	1/2	1/4		1/4	1		-3	63	2	1	
4	4	1/2	3/32		1/16	3/2		-2	70	1	1	
4	4	19/32	1/32		1/32	1		3	69	1	1	
4	4	5/8	3/32		1/16	3/2		1	67	1	1	
4	4	23/32	1/32		1/32	1		6	66	1	1	
5	5	0	1/4		1/4	1		-2	58	2	1	
5	5	0	1/4		1/4	1		2	62	2	1	
5	5	0	3/16		1/8	3/2		1	67	1	1	
5	5	3/16	1/16		1/16	1		3	69	1	1	
5	5	1/4	1/16		1/16	1		-2	70	1	1	
5	5	5/16	1/16		1/16	1		5	71	1	1	
5	5	3/8	1/16		1/16	1		0	72	1	1	
5	5	7/16	1/16		1/16	1		7	73	1	1	
5	5	1/2	1/4		1/4	1		-2	46	2	1	
5	5	1/2	1/4		1/4	1		-2	58	2	1	
5	5	1/2	1/32		1/32	1		2	74	1	1	
5	5	17/32	1/32		1/32	1		2	62	1	1	
5	5	9/16	1/32		1/32	1		4	64	1	1	
5	5	19/32	1/32		1/32	1		6	66	1	1	
5	5	5/8	1/32		1/32	1		1	67	1	1	
5	5	21/32	1/32		1/32	1		3	69	1	1	
5	5	11/16	1/32		1/32	1		-2	70	1	1	
5	5	23/32	1/32		1/32	1		1	67	1	1	
6	6	0	1/4		1/4	1		0	48	2	1	
6	6	0	1/4		1/4	1		3	57	2	1	
6	6	0	1/8		1/8	1	1	-1	65	1	1	
6	6	1/8	1/32		1/32	1	-1	-1	65	1	1	
6	6	5/32	1/32		1/32	1		1	67	1	1	
6	6	3/16	1/32		1/32	1		3	69	1	1	
6	6	7/32	1/32		1/32	1		-1	65	1	1	
6	6	1/4	1/8		1/8	1		0	48	2	1	
6	6	1/4	1/8		1/8	1		1	55	2	1	
6	6	1/4	1/16		1/16	1		4	64	1	1	
6	6	5/16	1/16		1/16	1		0	72	1	1	
6	6	3/8	1/16		1/16	1		2	74	1	1	
6	6	7/16	1/16		1/16	1		0	72	1	1	
6	6	1/2	1/16		1/16	1		5	71	1	1	
6	6	9/16	1/16		1/16	1		2	74	1	1	
6	6	5/8	1/16		1/16	1		0	72	1	1	
6	6	11/16	1/16		1/16	1		-2	70	1	1	
7	7	0	1/4		1/4	1		-1	53	2	2	
7	7	0	1/4		1/4	1		-1	65	1	2	
7	7	0	1/4		1/4	1		3	69	1	1	
7	7	1/16	1/16		1/16	1		0	60	2	1	
7	7	1/8	1/16		1/16	1		0	60	2	1	
7	7	3/16	1/16		1/16	1		0	60	2	1	
7	7	1/4	0	grace16	1/16	1		0	72	1	1	
7	7	1/4	1/4		1/4	1		1	55	2	2	
7	7	1/4	1/4		1/4	1		4	64	1	2	
7	7	1/4	1/8		1/8	1		-2	70	1	1	
7	7	5/16	1/16		1/16	1		0	60	2	1	
7	7	3/8	1/16		1/16	1		0	60	2	1	
7	7	3/8	1/16		1/16	1		3	69	1	1	
7	7	7/16	1/16		1/16	1		0	60	2	1	
7	7	7/16	1/16		1/16	1		1	67	1	1	
7	7	1/2	1/4		1/4	1		3	57	2	2	
7	7	1/2	1/32		1/32	1		-1	65	1	1	
7	7	17/32	1/32		1/32	1		1	67	1	1	
7	7	9/16	1/16		1/16	1		0	60	2	1	
7	7	9/16	1/32		1/32	1		3	69	1	1	
7	7	19/32	1/32		1/32	1		-2	70	1	1	
7	7	5/8	1/16		1/16	1		0	60	2	1	
7	7	5/8	1/32		1/32	1		0	72	1	1	
7	7	21/32	1/32		1/32	1		2	74	1	1	
7	7	11/16	1/16		1/16	1		0	60	2	1	
7	7	11/16	1/32		1/32	1		4	76	1	1	
7	7	23/32	1/32		1/32	1		-1	77	1	1	
8	8	0	1/4		1/4	1		4	52	2	2	
8	8	0	3/16		1/8	3/2		0	72	1	1	
8	8	1/16	1/16		1/16	1		0	60	2	1	
8	8	1/8	1/16		1/16	1		0	60	2	1	
8	8	3/16	1/16		1/16	1		0	60	2	1	
8	8	3/16	1/32		1/32	1		2	74	1	1	
8	8	7/32	1/32		1/32	1		-2	70	1	1	
8	8	1/4	1/8		1/8	1		-1	53	2	2	
8	8	1/4	1/8		1/8	1		0	60	2	1	
8	8	1/4	1/8		1/8	1		3	69	1	1	
8	8	7/16	1/32		1/32	1		3	81	1	1	
8	8	15/32	1/32		1/32	1		1	79	1	1	
8	8	1/2	1/32		1/32	1		1	79	1	1	
8	8	17/32	1/32		1/32	1		-1	77	1	1	
8	8	9/16	1/32		1/32	1		-1	77	1	1	
8	8	19/32	1/32		1/32	1		4	76	1	1	
8	8	5/8	1/32		1/32	1		4	76	1	1	
8	8	21/32	1/32		1/32	1		2	74	1	1	
8	8	11/16	1/32		1/32	1		2	74	1	1	
8	8	23/32	1/32		1/32	1		0	72	1	1	
9	9	0	1/4		1/4	1		2	62	2	1	
9	9	0	1/4		1/4	1		-1	65	2	1	
9	9	0	1/4		1/4	1		-4	68	2	1	
9	9	0	1/8		1/8	1		5	71	1	1	
9	9	1/8	1/32		1/32	1		5	71	1	1	
9	9	5/32	1/32		1/32	1		0	72	1	1	
9	9	3/16	1/32		1/32	1		2	74	1	1	
9	9	7/32	1/32		1/32	1		5	71	1	1	
9	9	1/4	1/8		1/8	1		4	64	2	1	
9	9	1/4	1/8		1/8	1		1	67	2	1	
9	9	1/4	1/8		1/8	1		0	72	1	1	
9	9	7/16	1/32		1/32	1		2	74	1	1	
9	9	15/32	1/32		1/32	1		0	72	1	1	
9	9	1/2	1/32		1/32	1		0	72	1	1	
9	9	17/32	1/32		1/32	1		-2	70	1	1	
9	9	9/16	1/32		1/32	1		-2	70	1	1	
9	9	19/32	1/32		1/32	1		3	69	1	1	
9	9	5/8	1/32		1/32	1		3	69	1	1	
9	9	21/32	1/32		1/32	1		1	67	1	1	
9	9	11/16	1/32		1/32	1		1	67	1	1	
9	9	23/32	1/32		1/32	1		-1	65	1	1	
10	10	0	1/4		1/4	1		7	49	2	1	
10	10	0	1/4		1/4	1		1	55	2	1	
10	10	0	1/4		1/4	1		-2	58	2	1	
10	10	0	1/8		1/8	1	1	4	64	1	1	
10	10	1/8	1/32		1/32	1	-1	4	64	1	1	
10	10	5/32	1/32		1/32	1		-1	65	1	1	
10	10	3/16	1/32		1/32	1		1	67	1	1	
10	10	7/32	1/32		1/32	1		4	64	1	1	
10	10	1/4	1/8		1/8	1		2	50	2	1	
10	10	1/4	1/8		1/8	1		-1	53	2	1	
10	10	1/4	1/8		1/8	1		3	57	2	1	
10	10	1/4	1/8		1/8	1		-1	65	1	1	
10	10	3/8	1/8		1/8	1		3	45	2	1	
10	10	3/8	1/8		1/8	1		3	57	2	1	
10	10	3/8	1/8		1/8	1		-1	65	1	1	
10	10	3/8	1/8		1/8	1		7	73	1	1	
10	10	3/8	1/8		1/8	1		-1	77	1	1	
10	10	1/2	1/8		1/8	1		-2	46	2	1	
10	10	1/2	1/8		1/8	1		-2	58	2	1	
10	10	1/2	1/8		1/8	1		-1	65	1	1	
10	10	1/2	1/8		1/8	1		2	74	1	1	
10	10	1/2	1/8		1/8	1		-1	77	1	1	
10	10	5/8	1/8		1/8	1		3	45	2	1	
10	10	5/8	1/8		1/8	1		3	57	2	1	
10	10	5/8	1/8		1/8	1		-1	65	1	1	
10	10	5/8	1/8		1/8	1		7	73	1	1	
10	10	5/8	1/8		1/8	1		-1	77	1	1	
11	11	0	1/8		1/8	1		-2	46	2	1	
11	11	0	1/8		1/8	1		-2	58	2	1	
11	11	0	1/8		1/8	1		-1	65	1	1	
11	11	0	1/8		1/8	1		2	74	1	1	
11	11	0	1/8		1/8	1		-1	77	1	1	
11	11	1/8	1/32		1/32	1		-1	77	1	1	
11	11	5/32	1/32		1/32	1		2	74	1	1	
11	11	3/16	1/32		1/32	1		-2	70	1	1	
11	11	7/32	1/32		1/32	1		1	67	1	1	
11	11	1/4	1/4		1/4	1		0	48	2	1	
11	11	1/4	1/4		1/4	1		3	57	2	1	
11	11	1/4	3/32		1/16	3/2		-1	65	1	1	
11	11	11/32	1/32		1/32	1		1	67	1	1	
11	11	3/8	3/32		1/16	3/2		3	69	1	1	
11	11	15/32	1/32		1/32	1		-1	65	1	1	
11	11	1/2	1/4		1/4	1		0	48	2	1	
11	11	1/2	1/4		1/4	1		1	55	2	1	
11	11	1/2	1/4		1/4	1		-2	58	2	1	
11	11	1/2	3/32		1/16	3/2		0	72	1	1	
11	11	19/32	1/32		1/32	1		0	60	1	1	
11	11	5/8	3/32		1/16	3/2		2	62	1	1	
11	11	23/32	1/32		1/32	1		4	64	1	1	
12	12	0	1/4		1/4	1		-1	41	2	1	
12	12	0	1/4		1/4	1		-1	53	2	1	
12	12	0	1/4		1/4	1		1	55	1	1	
12	12	0	1/4		1/4	1		-2	58	1	1	
12	12	0	1/4		1/4	1		0	60	1	1	
12	12	0	1/4		1/4	1		4	64	1	1	
12	12	1/4	1/8		1/8	1		-1	41	2	1	
12	12	1/4	1/8		1/8	1		-1	53	2	1	
12	12	1/4	1/8		1/8	1		3	57	1	1	
12	12	1/4	1/8		1/8	1		0	60	1	1	
12	12	1/4	1/8		1/8	1		-1	65	1	1	
12	12	3/8	1/8		1/8	1		3	45	2	1	
12	12	3/8	1/8		1/8	1		3	57	2	1	
12	12	1/2	1/8		1/8	1		0	48	2	1	
12	12	1/2	1/8		1/8	1		0	60	2	1	
12	12	5/8	1/8		1/8	1		3	45	2	1	
12	12	5/8	1/8		1/8	1		3	57	2	1	
13	13	0	1/4		1/4	1		-1	41	2	1	
13	13	0	1/4		1/4	1		-1	53	2	1	
13	13	0	1/4		1/4	1		-1	65	1	2	
13	13	0	1/8		1/8	1		3	69	1	1	
13	13	1/8	3/32		1/16	3/2		0	72	1	1	
13	13	7/32	1/32		1/32	1		5	71	1	1	
13	13	1/4	1/8		1/8	1		2	50	2	1	
13	13	1/4	1/8		1/8	1		2	62	2	1	
13	13	1/4	1/8		1/8	1		-1	65	1	2	
13	13	1/4	1/8		1/8	1		5	71	1	1	
13	13	1/2	1/32		1/32	1		5	71	1	1	
13	13	17/32	1/32		1/32	1		2	74	1	1	
13	13	9/16	1/32		1/32	1		1	79	1	1	
13	13	19/32	1/32		1/32	1		-1	77	1	1	
13	13	5/8	1/32		1/32	1		4	76	1	1	
13	13	21/32	1/32		1/32	1		2	74	1	1	
13	13	11/16	1/32		1/32	1		0	72	1	1	
13	13	23/32	1/32		1/32	1		5	71	1	1	
14	14	0	1/4		1/4	1		4	64	2	1	
14	14	0	1/4		1/4	1		1	67	2	1	
14	14	0	1/8		1/8	1		0	72	1	1	
14	14	1/8	3/32		1/16	3/2		4	76	1	1	
14	14	7/32	1/32		1/32	1		2	74	1	1	
14	14	1/4	1/8		1/8	1		5	59	2	1	
14	14	1/4	1/8		1/8	1		-1	65	2	1	
14	14	1/4	1/8		1/8	1		2	74	1	1	
14	14	1/2	1/32		1/32	1		1	79	1	1	
14	14	17/32	1/32		1/32	1		5	83	1	1	
14	14	9/16	1/32		1/32	1		2	86	1	1	
14	14	19/32	1/32		1/32	1		0	84	1	1	
14	14	5/8	1/32		1/32	1		5	83	1	1	
14	14	21/32	1/32		1/32	1		3	81	1	1	
14	14	11/16	1/32		1/32	1		1	79	1	1	
14	14	23/32	1/32		1/32	1		-1	77	1	1	
15	15	0	1/8		1/8	1		0	48	2	1	
15	15	0	1/8		1/8	1		0	60	2	1	
15	15	0	3/16		1/8	3/2		4	76	1	1	
15	15	1/8	1/8		1/8	1		-2	58	2	1	
15	15	1/8	1/8		1/8	1		0	60	2	1	
15	15	3/16	1/16		1/16	1		1	79	1	1	
15	15	1/4	1/8		1/8	1		3	57	2	1	
15	15	1/4	1/8		1/8	1		0	60	2	1	
15	15	1/4	1/16		1/16	1		1	79	1	1	
15	15	5/16	1/16		1/16	1		-1	77	1	1	
15	15	3/8	1/8		1/8	1		1	55	2	1	
15	15	3/8	1/8		1/8	1		0	60	2	1	
15	15	3/8	1/16		1/16	1		-1	77	1	1	
15	15	7/16	1/16		1/16	1		4	76	1	1	
15	15	1/2	1/8		1/8	1		-1	53	2	2	
15	15	1/2	1/8		1/8	1		0	60	2	1	
15	15	1/2	1/16		1/16	1		4	76	1	1	
15	15	9/16	1/16		1/16	1		2	74	1	1	
15	15	5/8	1/8		1/8	1		6	54	2	2	
15	15	5/8	1/16		1/16	1		0	60	2	1	
15	15	5/8	1/16		1/16	1		-3	75	1	1	
15	15	11/16	1/16		1/16	1		-3	63	2	1	
15	15	11/16	1/16		1/16	1		0	72	1	1	
16	16	0	1/4		1/4	1		1	55	2	1	
16	16	0	1/4		1/4	1		2	62	2	1	
16	16	0	1/16		1/16	1		0	72	1	1	
16	16	1/16	1/16		1/16	1		5	71	1	1	
16	16	1/8	1/16		1/16	1		3	69	1	1	
16	16	3/16	1/16		1/16	1		1	67	1	1	
16	16	1/4	1/16		1/16	1		6	66	1	1	
16	16	5/16	1/16		1/16	1		1	67	1	1	
16	16	3/8	1/16		1/16	1		3	69	1	1	
16	16	7/16	1/16		1/16	1		1	67	1	1	
16	16	1/2	1/16		1/16	1		6	78	1	1	
16	16	9/16	1/16		1/16	1		1	79	1	1	
16	16	5/8	1/16		1/16	1		-1	77	1	1	
16	16	11/16	1/16		1/16	1		2	74	1	1	
17	17	0	1/4		1/4	1		0	48	2	2	
17	17	0	3/16		1/8	3/2		0	72	1	1	
17	17	1/16	1/16		1/16	1		4	52	2	1	
17	17	1/8	1/16		1/16	1		1	55	2	1	
17	17	3/16	1/16		1/16	1		0	60	2	1	
17	17	3/16	1/16		1/16	1		2	74	1	1	
17	17	1/4	1/4		1/4	1		0	48	2	2	
17	17	1/4	3/16		1/8	3/2		4	76	1	1	
17	17	5/16	1/16		1/16	1		4	52	2	1	
17	17	3/8	1/16		1/16	1		1	55	2	1	
17	17	7/16	1/16		1/16	1		0	60	2	1	
17	17	7/16	1/16		1/16	1		-1	77	1	1	
17	17	1/2	1/4		1/4	1		0	48	2	2	
17	17	1/2	1/16		1/16	1		1	79	1	1	
17	17	9/16	1/16		1/16	1		4	52	2	1	
17	17	9/16	1/16		1/16	1		4	76	1	1	
17	17	5/8	1/16		1/16	1		1	55	2	1	
17	17	5/8	1/16		1/16	1		2	74	1	1	
17	17	11/16	1/16		1/16	1		0	60	2	1	
17	17	11/16	1/16		1/16	1		0	72	1	1	
18	18	0	1/4		1/4	1		0	48	2	2	
18	18	0	1/16		1/16	1		0	72	1	1	
18	18	1/16	1/16		1/16	1		2	50	2	1	
18	18	1/16	1/16		1/16	1		5	71	1	1	
18	18	1/8	1/16		1/16	1		-1	53	2	1	
18	18	1/8	1/16		1/16	1		4	76	1	1	
18	18	3/16	1/16		1/16	1		5	59	2	1	
18	18	3/16	1/16		1/16	1		2	74	1	1	
18	18	1/4	1/4		1/4	1		0	48	2	2	
18	18	1/4	1/16		1/16	1		1	79	1	1	
18	18	5/16	1/16		1/16	1		2	50	2	1	
18	18	5/16	1/16		1/16	1		-1	77	1	1	
18	18	3/8	1/16		1/16	1		-1	53	2	1	
18	18	3/8	1/16		1/16	1		4	76	1	1	
18	18	7/16	1/16		1/16	1		5	59	2	1	
18	18	7/16	1/16		1/16	1		2	74	1	1	
18	18	1/2	1/4		1/4	1		0	48	2	2	
18	18	1/2	1/16		1/16	1		0	72	1	1	
18	18	9/16	1/16		1/16	1		2	50	2	1	
18	18	9/16	1/16		1/16	1		5	71	1	1	
18	18	5/8	1/16		1/16	1		-1	53	2	1	
18	18	5/8	1/16		1/16	1		3	69	1	1	
18	18	11/16	1/16		1/16	1		5	59	2	1	
18	18	11/16	1/16		1/16	1		1	67	1	1	
19	19	0	1/4		1/4	1		0	48	2	2	
19	19	0	3/16		1/8	3/2		0	72	1	1	
19	19	1/16	1/16		1/16	1		4	52	2	1	
19	19	1/8	1/16		1/16	1		1	55	2	1	
19	19	3/16	1/16		1/16	1		0	60	2	1	
19	19	3/16	1/16		1/16	1		2	74	1	1	
19	19	1/4	1/4		1/4	1		0	48	2	2	
19	19	1/4	3/16		1/8	3/2		4	76	1	1	
19	19	5/16	1/16		1/16	1		4	52	2	1	
19	19	3/8	1/16		1/16	1		1	55	2	1	
19	19	7/16	1/16		1/16	1		0	60	2	1	
19	19	7/16	1/16		1/16	1		-1	77	1	1	
19	19	1/2	1/4		1/4	1		0	48	2	2	
19	19	1/2	1/16		1/16	1		1	79	1	1	
19	19	9/16	1/16		1/16	1		4	52	2	1	
19	19	9/16	1/16		1/16	1		0	84	1	1	
19	19	5/8	1/16		1/16	1		1	55	2	1	
19	19	5/8	1/16		1/16	1		4	88	1	1	
19	19	11/16	1/16		1/16	1		0	60	2	1	
19	19	11/16	1/16		1/16	1		0	84	1	1	
20	20	0	1/4		1/4	1		0	48	2	2	
20	20	0	1/32		1/32	1		0	84	1	1	
20	20	1/32	1/32		1/32	1		5	83	1	1	
20	20	1/16	1/16		1/16	1		2	50	2	1	
20	20	1/16	1/32		1/32	1		-1	89	1	1	
20	20	3/32	1/32		1/32	1		4	88	1	1	
20	20	1/8	1/16		1/16	1		-1	53	2	1	
20	20	1/8	1/32		1/32	1		2	86	1	1	
20	20	5/32	1/32		1/32	1		0	84	1	1	
20	20	3/16	1/16		1/16	1		5	59	2	1	
20	20	3/16	1/32		1/32	1		5	83	1	1	
20	20	7/32	1/32		1/32	1		3	81	1	1	
20	20	1/4	1/4		1/4	1		0	48	2	2	
20	20	1/4	1/32		1/32	1		1	79	1	1	
20	20	9/32	1/32		1/32	1		5	83	1	1	
20	20	5/16	1/16		1/16	1		2	50	2	1	
20	20	5/16	1/32		1/32	1		2	86	1	1	
20	20	11/32	1/32		1/32	1		0	84	1	1	
20	20	3/8	1/16		1/16	1		-1	53	2	1	
20	20	3/8	1/32		1/32	1		5	83	1	1	
20	20	13/32	1/32		1/32	1		3	81	1	1	
20	20	7/16	1/16		1/16	1		5	59	2	1	
20	20	7/16	1/32		1/32	1		1	79	1	1	
20	20	15/32	1/32		1/32	1		6	78	1	1	
20	20	1/2	1/4		1/4	1		0	48	2	2	
20	20	1/2	1/32		1/32	1		1	79	1	1	
20	20	17/32	1/32		1/32	1		3	81	1	1	
20	20	9/16	1/16		1/16	1		2	50	2	1	
20	20	9/16	1/32		1/32	1		1	79	1	1	
20	20	19/32	1/32		1/32	1		3	81	1	1	
20	20	5/8	1/16		1/16	1		-1	53	2	1	
20	20	5/8	1/32		1/32	1		1	79	1	1	
20	20	21/32	1/32		1/32	1		-1	77	1	1	
20	20	11/16	1/16		1/16	1		5	59	2	1	
20	20	11/16	1/32		1/32	1		4	76	1	1	
20	20	23/32	1/32		1/32	1		2	74	1	1	
21	21	0	1/8		1/8	1		0	48	2	1	
21	21	0	1/8		1/8	1		4	52	2	1	
21	21	0	1/8		1/8	1		0	60	2	1	
21	21	0	1/32		1/32	1		0	72	1	1	
21	21	1/32	1/32		1/32	1		2	74	1	1	
21	21	1/16	1/32		1/32	1		0	72	1	1	
21	21	3/32	1/32		1/32	1		5	71	1	1	
21	21	1/8	1/32		1/32	1		0	72	1	1	
21	21	5/32	1/32		1/32	1		4	76	1	1	
21	21	3/16	1/32		1/32	1		2	74	1	1	
21	21	7/32	1/32		1/32	1		-1	77	1	1	
21	21	1/4	3/16		1/8	3/2		0	36	2	1	
21	21	1/4	3/16		1/8	3/2		0	48	2	1	
21	21	1/4	1/32		1/32	1		4	76	1	1	
21	21	9/32	1/32		1/32	1		-1	77	1	1	
21	21	5/16	1/32		1/32	1		4	76	1	1	
21	21	11/32	1/32		1/32	1		2	74	1	1	
21	21	3/8	1/32		1/32	1		4	76	1	1	
21	21	13/32	1/32		1/32	1		1	79	1	1	
21	21	7/16	1/16		1/16	1		2	38	2	1	
21	21	7/16	1/16		1/16	1		2	50	2	1	
21	21	7/16	1/32		1/32	1		-1	77	1	1	
21	21	15/32	1/32		1/32	1		3	81	1	1	
21	21	1/2	3/16		1/8	3/2		4	40	2	1	
21	21	1/2	3/16		1/8	3/2		4	52	2	1	
21	21	1/2	1/32		1/32	1		1	79	1	1	
21	21	17/32	1/32		1/32	1		3	81	1	1	
21	21	9/16	1/32		1/32	1		1	79	1	1	
21	21	19/32	1/32		1/32	1		6	78	1	1	
21	21	5/8	1/32		1/32	1		1	79	1	1	
21	21	21/32	1/32		1/32	1		-2	82	1	1	
21	21	11/16	1/16		1/16	1		6	42	2	1	
21	21	11/16	1/16		1/16	1		6	54	2	1	
21	21	11/16	1/32		1/32	1		3	81	1	1	
21	21	23/32	1/32		1/32	1		0	84	1	1	
22	22	0	1/4		1/4	1		1	43	2	1	
22	22	0	1/4		1/4	1		1	55	2	1	
22	22	0	1/4		1/4	1		-2	82	1	1	
22	22	3/8	1/8		1/8	1		1	55	2	1	
22	22	3/8	1/8		1/8	1		0	60	2	1	
22	22	3/8	1/8		1/8	1		-2	70	1	1	
22	22	1/2	1/8		1/8	1		-1	53	2	1	
22	22	1/2	1/8		1/8	1		0	60	2	1	
22	22	1/2	1/8		1/8	1		3	69	1	1	
22	22	5/8	1/8		1/8	1		4	52	2	1	
22	22	5/8	1/8		1/8	1		0	60	2	1	
22	22	5/8	1/8		1/8	1		8	68	1	1	
23	23	0	1/4		1/4	1		-1	53	2	2	
23	23	0	1/8		1/8	1		0	60	2	1	
23	23	0	3/32		1/16	3/2		3	69	1	1	
23	23	3/32	1/32		1/32	1		3	81	1	1	
23	23	1/8	1/8		1/8	1		2	62	2	1	
23	23	1/8	1/32		1/32	1		1	79	1	1	
23	23	5/32	1/32		1/32	1		-1	77	1	1	
23	23	3/16	1/32		1/32	1		4	76	1	1	
23	23	7/32	1/32		1/32	1		2	74	1	1	
23	23	1/4	1/4		1/4	1		1	55	2	1	
23	23	1/4	1/4		1/4	1		0	60	2	1	
23	23	1/4	1/4		1/4	1		4	64	2	1	
23	23	1/4	1/8		1/8	1		1	79	1	1	
23	23	3/8	1/8		1/8	1		1	79	1	1	
23	23	1/2	1/4		1/4	1		1	55	2	1	
23	23	1/2	1/4		1/4	1		2	62	2	1	
23	23	1/2	1/4		1/4	1		-1	65	2	1	
23	23	19/32	1/32		1/32	1		1	67	1	1	
23	23	5/8	3/32		1/16	3/2		3	69	1	1	
23	23	23/32	1/32		1/32	1		5	71	1	1	
24	24	0	3/8		1/4	3/2		0	48	2	1	
24	24	0	3/8		1/4	3/2		0	60	2	1	
24	24	0	1/4		1/4	1		2	62	1	1	
24	24	0	1/4		1/4	1		-1	65	1	1	
24	24	0	1/4		1/4	1		1	67	1	1	
24	24	0	1/4		1/4	1		5	71	1	1	
24	24	1/4	1/8		1/8	1		4	64	1	1	
24	24	1/4	1/8		1/8	1		1	67	1	1	
24	24	1/4	1/8		1/8	1		0	72	1	1	
24	24	3/8	1/8		1/8	1		-3	51	2	1	
24	24	3/8	1/8		1/8	1		-3	63	2	1	
24	24	1/2	1/8		1/8	1		0	48	2	1	
24	24	1/2	1/8		1/8	1		0	60	2	1	
24	24	5/8	1/8		1/8	1		3	45	2	1	
24	24	5/8	1/8		1/8	1		3	57	2	1	
25	25	0	1/4		1/4	1		1	43	2	1	
25	25	0	1/4		1/4	1		1	55	2	1	
25	25	1/8	1/8		1/8	1		-3	75	1	1	
25	25	1/4	1/4		1/4	1		6	42	2	1	
25	25	1/4	1/4		1/4	1		6	54	2	1	
25	25	1/4	1/24		1/16	2/3		-3	75	1	1	
25	25	7/24	1/24		1/16	2/3		7	73	1	1	
25	25	1/3	1/24		1/16	2/3		2	74	1	1	
25	25	3/8	1/24		1/16	2/3		6	78	1	1	
25	25	5/12	1/24		1/16	2/3		4	76	1	1	
25	25	11/24	1/24		1/16	2/3		2	74	1	1	
25	25	1/2	1/24		1/16	2/3		3	81	1	1	
25	25	13/24	1/24		1/16	2/3		1	79	1	1	
25	25	7/12	1/24		1/16	2/3		6	78	1	1	
25	25	5/8	1/24		1/16	2/3		4	76	1	1	
25	25	2/3	1/24		1/16	2/3		2	74	1	1	
25	25	17/24	1/24		1/16	2/3		0	72	1	1	
26	26	0	3/8		1/4	3/2		1	43	2	1	
26	26	0	3/8		1/4	3/2		1	55	2	1	
26	26	0	3/16		1/8	3/2		0	72	1	1	
26	26	3/16	1/16		1/16	1		3	69	1	1	
26	26	1/4	1/8		1/8	1		-2	70	1	1	
26	26	3/8	1/8		1/8	1		-5	49	2	1	
26	26	3/8	1/8		1/8	1		-5	61	2	1	
26	26	1/2	1/8		1/8	1		-2	46	2	1	
26	26	1/2	1/8		1/8	1		-2	58	2	1	
26	26	5/8	1/8		1/8	1		1	43	2	1	
26	26	5/8	1/8		1/8	1		1	55	2	1	
27	27	0	1/4		1/4	1		-1	41	2	1	
27	27	0	1/4		1/4	1		-1	53	2	1	
27	27	1/8	1/8		1/8	1		-5	73	1	1	
27	27	1/4	1/4		1/4	1		4	40	2	1	
27	27	1/4	1/4		1/4	1		4	52	2	1	
27	27	1/4	1/24		1/16	2/3		-5	73	1	1	
27	27	7/24	1/24		1/16	2/3		5	71	1	1	
27	27	1/3	1/24		1/16	2/3		0	72	1	1	
27	27	3/8	1/24		1/16	2/3		4	76	1	1	
27	27	5/12	1/24		1/16	2/3		2	74	1	1	
27	27	11/24	1/24		1/16	2/3		0	72	1	1	
27	27	1/2	1/24		1/16	2/3		1	79	1	1	
27	27	13/24	1/24		1/16	2/3		-1	77	1	1	
27	27	7/12	1/24		1/16	2/3		4	76	1	1	
27	27	5/8	1/24		1/16	2/3		2	74	1	1	
27	27	2/3	1/24		1/16	2/3		0	72	1	1	
27	27	17/24	1/24		1/16	2/3		-2	70	1	1	
28	28	0	3/8		1/4	3/2		-1	41	2	1	
28	28	0	3/8		1/4	3/2		-1	53	2	1	
28	28	0	3/16		1/8	3/2		-2	70	1	1	
28	28	3/16	1/16		1/16	1		8	68	1	1	
28	28	1/4	1/8		1/8	1		3	69	1	1	
28	28	3/8	1/8		1/8	1		0	60	2	1	
28	28	3/8	1/8		1/8	1		-1	65	2	1	
28	28	3/8	1/8		1/8	1		-3	75	1	1	
28	28	1/2	1/8		1/8	1		-2	58	2	1	
28	28	1/2	1/8		1/8	1		-1	65	2	1	
28	28	1/2	1/8		1/8	1		2	74	1	1	
28	28	5/8	1/8		1/8	1		3	57	2	1	
28	28	5/8	1/8		1/8	1		-1	65	2	1	
28	28	5/8	1/8		1/8	1		7	73	1	1	
29	29	0	1/4		1/4	1		3	57	2	1	
29	29	0	1/4		1/4	1		-1	65	2	1	
29	29	0	1/4		1/4	1		7	73	1	1	
29	29	1/4	1/8		1/8	1		-2	58	2	1	
29	29	1/4	1/8		1/8	1		-1	65	2	1	
29	29	1/4	1/16		1/16	1		4	76	1	1	
29	29	5/16	1/16		1/16	1		2	74	1	1	
29	29	3/8	1/8		1/8	1		6	54	2	1	
29	29	3/8	1/8		1/8	1		-3	63	2	1	
29	29	3/8	1/16		1/16	1		2	74	1	1	
29	29	7/16	1/16		1/16	1		0	72	1	1	
29	29	1/2	1/8		1/8	1		1	55	2	1	
29	29	1/2	1/8		1/8	1		2	62	2	1	
29	29	1/2	1/16		1/16	1		0	72	1	1	
29	29	9/16	1/16		1/16	1		-2	70	1	1	
29	29	5/8	1/8		1/8	1		-2	46	2	1	
29	29	5/8	1/8		1/8	1		-2	58	2	1	
29	29	5/8	1/16		1/16	1		3	69	1	1	
29	29	11/16	1/16		1/16	1		1	67	1	1	
30	30	0	1/4		1/4	1		0	48	2	1	
30	30	0	1/4		1/4	1		3	57	2	1	
30	30	0	3/16		1/8	3/2		-1	65	1	1	
30	30	3/16	1/48		1/32	2/3		3	69	1	1	
30	30	5/24	1/48		1/32	2/3		1	67	1	1	
30	30	11/48	1/48		1/32	2/3		-1	65	1	1	
30	30	1/4	1/8		1/8	1		1	55	2	1	
30	30	1/4	1/16		1/16	1		4	64	1	1	
30	30	5/16	1/16		1/16	1		0	72	1	1	
30	30	3/8	1/16		1/16	1		5	71	1	1	
30	30	7/16	1/16		1/16	1		0	72	1	1	
30	30	1/2	1/16		1/16	1		4	76	1	1	
30	30	9/16	1/16		1/16	1		0	72	1	1	
30	30	5/8	1/16		1/16	1		4	76	1	1	
30	30	11/16	1/16		1/16	1		0	72	1	1	
31	31	0	1/2		1/2	1		0	60	2	1	
31	31	0	1/2		1/2	1		2	62	2	1	
31	31	0	1/2		1/2	1		-1	65	2	1	
31	31	0	3/32		1/16	3/2		5	71	1	1	
31	31	3/32	1/32		1/32	1		2	74	1	1	
31	31	1/8	3/32		1/16	3/2		-1	77	1	1	
31	31	7/32	1/32		1/32	1		2	74	1	1	
31	31	1/4	1/16		1/16	1		5	71	1	1	
31	31	5/16	1/16		1/16	1		-1	77	1	1	
31	31	3/8	1/16		1/16	1		4	76	1	1	
31	31	7/16	1/16		1/16	1		-1	77	1	1	
31	31	1/2	1/4		1/4	1		0	60	2	1	
31	31	1/2	1/4		1/4	1		2	62	2	1	
31	31	1/2	1/4		1/4	1		5	71	2	1	
31	31	1/2	1/16		1/16	1		1	79	1	1	
31	31	9/16	1/16		1/16	1		-1	77	1	1	
31	31	5/8	1/16		1/16	1		3	81	1	1	
31	31	11/16	1/16		1/16	1		-1	77	1	1	
32	32	0	3/8		1/4	3/2		0	60	2	1	
32	32	0	3/8		1/4	3/2		1	67	2	1	
32	32	0	3/8		1/4	3/2		-2	70	2	1	
32	32	0	3/32		1/16	3/2		4	76	1	1	
32	32	3/32	1/32		1/32	1		1	79	1	1	
32	32	1/8	3/32		1/16	3/2		-2	82	1	1	
32	32	7/32	1/32		1/32	1		1	79	1	1	
32	32	1/4	1/24		1/16	2/3		4	76	1	1	
32	32	7/24	1/24		1/16	2/3		-2	82	1	1	
32	32	1/3	1/24		1/16	2/3		3	81	1	1	
32	32	3/8	1/24		1/16	2/3		-2	82	1	1	
32	32	5/12	1/24		1/16	2/3		2	86	1	1	
32	32	11/24	1/24		1/16	2/3		0	84	1	1	
32	32	1/2	1/24		1/16	2/3		-2	82	1	1	
32	32	13/24	1/24		1/16	2/3		3	81	1	1	
32	32	7/12	1/24		1/16	2/3		0	84	1	1	
32	32	5/8	1/24		1/16	2/3		-2	82	1	1	
32	32	2/3	1/24		1/16	2/3		3	81	1	1	
32	32	17/24	1/24		1/16	2/3		1	79	1	1	
33	33	0	1/24		1/16	2/3		-1	77	1	1	
33	33	1/24	1/24		1/16	2/3		4	76	1	1	
33	33	1/12	1/24		1/16	2/3		3	81	1	1	
33	33	1/8	1/24		1/16	2/3		1	79	1	1	
33	33	1/6	1/24		1/16	2/3		-1	77	1	1	
33	33	5/24	1/24		1/16	2/3		4	76	1	1	
33	33	1/4	1/24		1/16	2/3		2	74	1	1	
33	33	7/24	1/24		1/16	2/3		0	72	1	1	
33	33	1/3	1/24		1/16	2/3		5	71	1	1	
33	33	3/8	1/24		1/16	2/3		0	72	1	1	
33	33	5/12	1/24		1/16	2/3		2	74	1	1	
33	33	11/24	1/24		1/16	2/3		5	71	1	1	
33	33	1/2	1/24		1/16	2/3		0	72	1	1	
33	33	13/24	1/24		1/16	2/3		4	76	1	1	
33	33	7/12	1/24		1/16	2/3		5	71	1	1	
33	33	5/8	1/24		1/16	2/3		0	72	1	1	
33	33	2/3	1/24		1/16	2/3		1	79	1	1	
33	33	17/24	1/24		1/16	2/3		-2	70	1	1	
34	34	0	1/4		1/4	1		-1	53	2	1	
34	34	0	1/4		1/4	1		0	60	2	1	
34	34	0	1/4		1/4	1		-1	65	1	2	
34	34	0	1/4		1/4	1		3	69	1	1	
34	34	1/4	0	grace16	1/16	1		0	72	1	1	
34	34	1/4	1/4		1/4	1		1	55	2	1	
34	34	1/4	1/4		1/4	1		-2	58	2	1	
34	34	1/4	1/4		1/4	1		4	64	1	2	
34	34	1/4	1/8		1/8	1		-2	70	1	1	
34	34	3/8	1/16		1/16	1		3	69	1	1	
34	34	7/16	1/16		1/16	1		1	67	1	1	
34	34	1/2	1/4		1/4	1		3	57	2	1	
34	34	1/2	1/4		1/4	1		0	60	2	1	
34	34	1/2	1/16		1/16	1		-1	65	1	1	
34	34	1/2	1/16		1/16	1		-1	65	1	2	
34	34	9/16	1/16		1/16	1		-1	65	1	1	
34	34	5/8	1/16		1/16	1		1	67	1	1	
34	34	11/16	1/16		1/16	1		3	69	1	1	
35	35	0	1/4		1/4	1		4	52	2	1	
35	35	0	1/4		1/4	1		0	60	2	1	
35	35	0	1/4		1/4	1		1	67	1	2	
35	35	0	1/8		1/8	1		0	72	1	1	
35	35	1/8	1/32		1/32	1		0	72	1	1	
35	35	5/32	1/32		1/32	1		-2	70	1	1	
35	35	3/16	1/32		1/32	1		3	69	1	1	
35	35	7/32	1/32		1/32	1		-2	70	1	1	
35	35	1/4	1/8		1/8	1		-1	53	2	1	
35	35	1/4	1/8		1/8	1		0	60	2	1	
35	35	1/4	1/8		1/8	1		-1	65	1	2	
35	35	1/4	1/8		1/8	1		3	69	1	1	
35	35	1/2	1/32		1/32	1		-1	65	1	1	
35	35	17/32	1/32		1/32	1		1	67	1	1	
35	35	9/16	1/32		1/32	1		3	69	1	1	
35	35	19/32	1/32		1/32	1		1	67	1	1	
35	35	5/8	1/8		1/8	1		3	57	2	1	
35	35	5/8	1/8		1/8	1		0	60	2	1	
35	35	5/8	1/16		1/16	1		-1	65	1	1	
35	35	11/16	1/16		1/16	1		-1	65	1	1	
36	36	0	3/8		1/4	3/2		1	55	2	1	
36	36	0	3/8		1/4	3/2		-2	58	2	1	
36	36	0	3/8		1/4	3/2		0	60	2	1	
36	36	0	3/32		1/16	3/2		4	64	1	1	
36	36	3/32	1/32		1/32	1		1	67	1	1	
36	36	1/8	3/32		1/16	3/2		-2	70	1	1	
36	36	7/32	1/32		1/32	1		1	67	1	1	
36	36	1/4	1/8		1/8	1		4	64	1	1	
36	36	1/2	1/32		1/32	1		1	67	1	1	
36	36	17/32	1/32		1/32	1		3	69	1	1	
36	36	9/16	1/32		1/32	1		-2	70	1	1	
36	36	19/32	1/32		1/32	1		3	69	1	1	
36	36	5/8	1/8		1/8	1		1	55	2	1	
36	36	5/8	1/8		1/8	1		-2	58	2	1	
36	36	5/8	1/8		1/8	1		4	64	2	1	
36	36	5/8	1/16		1/16	1		1	67	1	1	
36	36	11/16	1/16		1/16	1		1	67	1	1	
37	37	0	3/8		1/4	3/2		3	57	2	1	
37	37	0	3/8		1/4	3/2		0	60	2	1	
37	37	0	3/8		1/4	3/2		-3	63	2	1	
37	37	0	3/32		1/16	3/2		6	66	1	1	
37	37	3/32	1/32		1/32	1		3	69	1	1	
37	37	1/8	3/32		1/16	3/2		0	72	1	1	
37	37	7/32	1/32		1/32	1		3	69	1	1	
37	37	1/4	3/32		1/16	3/2		6	66	1	1	
37	37	11/32	1/32		1/32	1		-3	75	1	1	
37	37	3/8	3/32		1/16	3/2		2	74	1	1	
37	37	15/32	1/32		1/32	1		0	72	1	1	
37	37	1/2	3/32		1/16	3/2		-2	70	1	1	
37	37	19/32	1/32		1/32	1		3	69	1	1	
37	37	5/8	1/8		1/8	1		0	60	2	1	
37	37	5/8	1/8		1/8	1		-3	63	2	1	
37	37	5/8	3/32		1/16	3/2		1	67	1	1	
37	37	23/32	1/32		1/32	1		6	66	1	1	
38	38	0	0	grace32	1/32	1		3	69	1	1	
38	38	0	1/4		1/4	1		-2	58	2	1	
38	38	0	1/4		1/4	1		2	62	2	1	
38	38	0	1/32		1/32	1		1	67	1	1	
38	38	1/32	1/32		1/32	1		6	66	1	1	
38	38	1/16	1/32		1/32	1		1	67	1	1	
38	38	3/32	1/32		1/32	1		3	69	1	1	
38	38	1/8	0	grace32	1/32	1		0	72	1	1	
38	38	1/8	1/32		1/32	1		-2	70	1	1	
38	38	5/32	1/32		1/32	1		3	69	1	1	
38	38	3/16	1/32		1/32	1		-2	70	1	1	
38	38	7/32	1/32		1/32	1		0	72	1	1	
38	38	1/4	1/32		1/32	1		2	74	1	1	
38	38	9/32	1/32		1/32	1		2	62	1	1	
38	38	5/16	1/32		1/32	1		4	64	1	1	
38	38	11/32	1/32		1/32	1		6	66	1	1	
38	38	3/8	1/32		1/32	1		1	67	1	1	
38	38	13/32	1/32		1/32	1		3	69	1	1	
38	38	7/16	1/32		1/32	1		-2	70	1	1	
38	38	15/32	1/32		1/32	1		5	71	1	1	
38	38	1/2	1/4		1/4	1		-2	46	2	1	
38	38	1/2	1/4		1/4	1		-2	58	2	1	
38	38	1/2	1/32		1/32	1		0	72	1	1	
38	38	17/32	1/32		1/32	1		7	73	1	1	
38	38	9/16	1/32		1/32	1		2	74	1	1	
38	38	19/32	1/32		1/32	1		3	69	1	1	
38	38	5/8	1/32		1/32	1		0	72	1	1	
38	38	21/32	1/32		1/32	1		-2	70	1	1	
38	38	11/16	1/32		1/32	1		3	69	1	1	
38	38	23/32	1/32		1/32	1		1	67	1	1	
39	39	0	1/4		1/4	1		0	48	2	1	
39	39	0	1/4		1/4	1		3	57	2	1	
39	39	0	1/8		1/8	1	1	-1	65	1	1	
39	39	1/8	1/32		1/32	1	-1	-1	65	1	1	
39	39	5/32	1/32		1/32	1		1	67	1	1	
39	39	3/16	1/32		1/32	1		3	69	1	1	
39	39	7/32	1/32		1/32	1		-1	65	1	1	
39	39	1/4	1/8		1/8	1		0	48	2	1	
39	39	1/4	1/8		1/8	1		1	55	2	1	
39	39	1/4	1/16		1/16	1		4	64	1	1	
39	39	5/16	1/16		1/16	1		0	72	1	1	
39	39	3/8	1/16		1/16	1		2	74	1	1	
39	39	7/16	1/16		1/16	1		0	72	1	1	
39	39	1/2	1/16		1/16	1		5	71	1	1	
39	39	9/16	1/16		1/16	1		2	74	1	1	
39	39	5/8	1/16		1/16	1		0	72	1	1	
39	39	11/16	1/16		1/16	1		-2	70	1	1	
40	40	0	1/4		1/4	1		-1	53	2	2	
40	40	0	1/4		1/4	1		-1	65	1	2	
40	40	0	1/4		1/4	1		3	69	1	1	
40	40	1/16	1/16		1/16	1		0	60	2	1	
40	40	1/8	1/16		1/16	1		0	60	2	1	
40	40	3/16	1/16		1/16	1		0	60	2	1	
40	40	1/4	0	grace16	1/16	1		0	72	1	1	
40	40	1/4	1/4		1/4	1		1	55	2	2	
40	40	1/4	1/4		1/4	1		4	64	1	2	
40	40	1/4	1/8		1/8	1		-2	70	1	1	
40	40	5/16	1/16		1/16	1		0	60	2	1	
40	40	3/8	1/16		1/16	1		0	60	2	1	
40	40	3/8	1/16		1/16	1		3	69	1	1	
40	40	7/16	1/16		1/16	1		0	60	2	1	
40	40	7/16	1/16		1/16	1		1	67	1	1	
40	40	1/2	1/4		1/4	1		3	57	2	2	
40	40	1/2	1/32		1/32	1		-1	65	1	1	
40	40	17/32	1/32		1/32	1		1	67	1	1	
40	40	9/16	1/16		1/16	1		0	60	2	1	
40	40	9/16	1/32		1/32	1		3	69	1	1	
40	40	19/32	1/32		1/32	1		-2	70	1	1	
40	40	5/8	1/16		1/16	1		0	60	2	1	
40	40	5/8	1/32		1/32	1		0	72	1	1	
40	40	21/32	1/32		1/32	1		2	74	1	1	
40	40	11/16	1/16		1/16	1		0	60	2	1	
40	40	11/16	1/32		1/32	1		4	76	1	1	
40	40	23/32	1/32		1/32	1		-1	77	1	1	
41	41	0	1/4		1/4	1		4	52	2	2	
41	41	0	3/16		1/8	3/2		0	72	1	1	
41	41	1/16	1/16		1/16	1		0	60	2	1	
41	41	1/8	1/16		1/16	1		0	60	2	1	
41	41	3/16	1/16		1/16	1		0	60	2	1	
41	41	3/16	1/32		1/32	1		2	74	1	1	
41	41	7/32	1/32		1/32	1		-2	70	1	1	
41	41	1/4	1/8		1/8	1		-1	53	2	2	
41	41	1/4	1/8		1/8	1		0	60	2	1	
41	41	1/4	1/8		1/8	1		3	69	1	1	
41	41	7/16	1/32		1/32	1		3	81	1	1	
41	41	15/32	1/32		1/32	1		1	79	1	1	
41	41	1/2	1/32		1/32	1		1	79	1	1	
41	41	17/32	1/32		1/32	1		-1	77	1	1	
41	41	9/16	1/32		1/32	1		-1	77	1	1	
41	41	19/32	1/32		1/32	1		4	76	1	1	
41	41	5/8	1/32		1/32	1		4	76	1	1	
41	41	21/32	1/32		1/32	1		2	74	1	1	
41	41	11/16	1/32		1/32	1		2	74	1	1	
41	41	23/32	1/32		1/32	1		0	72	1	1	
42	42	0	1/4		1/4	1		2	62	2	1	
42	42	0	1/4		1/4	1		-1	65	2	1	
42	42	0	1/4		1/4	1		-4	68	2	1	
42	42	0	1/8		1/8	1		5	71	1	1	
42	42	1/8	1/32		1/32	1		5	71	1	1	
42	42	5/32	1/32		1/32	1		0	72	1	1	
42	42	3/16	1/32		1/32	1		2	74	1	1	
42	42	7/32	1/32		1/32	1		5	71	1	1	
42	42	1/4	1/8		1/8	1		4	64	2	1	
42	42	1/4	1/8		1/8	1		1	67	2	1	
42	42	1/4	1/8		1/8	1		0	72	1	1	
42	42	7/16	1/32		1/32	1		2	74	1	1	
42	42	15/32	1/32		1/32	1		0	72	1	1	
42	42	1/2	1/32		1/32	1		0	72	1	1	
42	42	17/32	1/32		1/32	1		-2	70	1	1	
42	42	9/16	1/32		1/32	1		-2	70	1	1	
42	42	19/32	1/32		1/32	1		3	69	1	1	
42	42	5/8	1/32		1/32	1		3	69	1	1	
42	42	21/32	1/32		1/32	1		1	67	1	1	
42	42	11/16	1/32		1/32	1		1	67	1	1	
42	42	23/32	1/32		1/32	1		-1	65	1	1	
43	43	0	1/4		1/4	1		7	49	2	1	
43	43	0	1/4		1/4	1		1	55	2	1	
43	43	0	1/4		1/4	1		-2	58	2	1	
43	43	0	1/8		1/8	1	1	4	64	1	1	
43	43	1/8	1/32		1/32	1	-1	4	64	1	1	
43	43	5/32	1/32		1/32	1		-1	65	1	1	
43	43	3/16	1/32		1/32	1		1	67	1	1	
43	43	7/32	1/32		1/32	1		4	64	1	1	
43	43	1/4	1/8		1/8	1		2	50	2	1	
43	43	1/4	1/8		1/8	1		-1	53	2	1	
43	43	1/4	1/8		1/8	1		3	57	2	1	
43	43	1/4	1/8		1/8	1		-1	65	1	1	
43	43	3/8	1/8		1/8	1		3	45	2	1	
43	43	3/8	1/8		1/8	1		3	57	2	1	
43	43	3/8	1/8		1/8	1		-1	65	1	1	
43	43	3/8	1/8		1/8	1		7	73	1	1	
43	43	3/8	1/8		1/8	1		-1	77	1	1	
43	43	1/2	1/8		1/8	1		-2	46	2	1	
43	43	1/2	1/8		1/8	1		-2	58	2	1	
43	43	1/2	1/8		1/8	1		-1	65	1	1	
43	43	1/2	1/8		1/8	1		2	74	1	1	
43	43	1/2	1/8		1/8	1		-1	77	1	1	
43	43	5/8	1/8		1/8	1		3	45	2	1	
43	43	5/8	1/8		1/8	1		3	57	2	1	
43	43	5/8	1/8		1/8	1		-1	65	1	1	
43	43	5/8	1/8		1/8	1		7	73	1	1	
43	43	5/8	1/8		1/8	1		-1	77	1	1	
44	44	0	1/8		1/8	1		-2	46	2	1	
44	44	0	1/8		1/8	1		-2	58	2	1	
44	44	0	1/8		1/8	1		-1	65	1	1	
44	44	0	1/8		1/8	1		2	74	1	1	
44	44	0	1/8		1/8	1		-1	77	1	1	
44	44	1/8	1/32		1/32	1		-1	77	1	1	
44	44	5/32	1/32		1/32	1		2	74	1	1	
44	44	3/16	1/32		1/32	1		-2	70	1	1	
44	44	7/32	1/32		1/32	1		1	67	1	1	
44	44	1/4	1/4		1/4	1		0	48	2	1	
44	44	1/4	1/4		1/4	1		3	57	2	1	
44	44	1/4	3/32		1/16	3/2		-1	65	1	1	
44	44	11/32	1/32		1/32	1		1	67	1	1	
44	44	3/8	3/32		1/16	3/2		3	69	1	1	
44	44	15/32	1/32		1/32	1		-1	65	1	1	
44	44	1/2	1/4		1/4	1		0	48	2	1	
44	44	1/2	1/4		1/4	1		1	55	2	1	
44	44	1/2	1/4		1/4	1		-2	58	2	1	
44	44	1/2	3/32		1/16	3/2		0	72	1	1	
44	44	19/32	1/32		1/32	1		0	60	1	1	
44	44	5/8	3/32		1/16	3/2		2	62	1	1	
44	44	23/32	1/32		1/32	1		4	64	1	1	
45	45	0	1/4		1/4	1		-1	53	2	1	
45	45	0	1/4		1/4	1		1	55	1	1	
45	45	0	1/4		1/4	1		-2	58	1	1	
45	45	0	1/4		1/4	1		4	64	1	1	
45	45	1/4	1/8		1/8	1		-1	53	2	1	
45	45	1/4	1/8		1/8	1		3	57	1	1	
45	45	1/4	1/8		1/8	1		-1	65	1	1	
45	45	3/8	1/8		1/8	1		3	45	2	1	
45	45	3/8	1/8		1/8	1		3	57	2	1	
45	45	3/8	1/8		1/8	1		-1	65	1	1	
45	45	3/8	1/8		1/8	1		7	73	1	1	
45	45	3/8	1/8		1/8	1		-1	77	1	1	
45	45	1/2	1/8		1/8	1		-2	46	2	1	
45	45	1/2	1/8		1/8	1		-2	58	2	1	
45	45	1/2	1/8		1/8	1		-1	65	1	1	
45	45	1/2	1/8		1/8	1		2	74	1	1	
45	45	1/2	1/8		1/8	1		-1	77	1	1	
45	45	5/8	1/8		1/8	1		3	45	2	1	
45	45	5/8	1/8		1/8	1		3	57	2	1	
45	45	5/8	1/8		1/8	1		-1	65	1	1	
45	45	5/8	1/8		1/8	1		7	73	1	1	
45	45	5/8	1/8		1/8	1		-1	77	1	1	
46	46	0	1/8		1/8	1		-2	46	2	1	
46	46	0	1/8		1/8	1		-2	58	2	1	
46	46	0	1/8		1/8	1		-1	65	1	1	
46	46	0	1/8		1/8	1		2	74	1	1	
46	46	0	1/8		1/8	1		-1	77	1	1	
46	46	1/8	1/32		1/32	1		-1	77	1	1	
46	46	5/32	1/32		1/32	1		2	74	1	1	
46	46	3/16	1/32		1/32	1		-2	70	1	1	
46	46	7/32	1/32		1/32	1		1	67	1	1	
46	46	1/4	1/4		1/4	1		0	48	2	1	
46	46	1/4	1/4		1/4	1		3	57	2	1	
46	46	1/4	3/32		1/16	3/2		-1	65	1	1	
46	46	11/32	1/32		1/32	1		1	67	1	1	
46	46	3/8	3/32		1/16	3/2		3	69	1	1	
46	46	15/32	1/32		1/32	1		-1	65	1	1	
46	46	1/2	1/4		1/4	1		0	48	2	1	
46	46	1/2	1/4		1/4	1		1	55	2	1	
46	46	1/2	1/4		1/4	1		-2	58	2	1	
46	46	1/2	3/32		1/16	3/2		0	72	1	1	
46	46	19/32	1/32		1/32	1		0	60	1	1	
46	46	5/8	3/32		1/16	3/2		2	62	1	1	
46	46	23/32	1/32		1/32	1		4	64	1	1	
47	47	0	3/4		1/2	3/2		-1	41	2	2	
47	47	0	1/4		1/4	1		3	57	1	1	
47	47	0	1/4		1/4	1		-1	65	1	1	
47	47	1/16	1/16		1/16	1		-1	53	2	1	
47	47	1/8	1/16		1/16	1		3	45	2	1	
47	47	3/16	1/16		1/16	1		-1	53	2	1	
47	47	1/4	1/16		1/16	1		0	48	2	1	
47	47	5/16	1/16		1/16	1		-1	53	2	1	
47	47	3/8	1/16		1/16	1		-3	51	2	1	
47	47	3/8	1/8		1/8	1		0	72	1	1	
47	47	7/16	1/16		1/16	1		-1	53	2	1	
47	47	1/2	0	grace16	1/16	1		0	72	1	1	
47	47	1/2	1/16		1/16	1		2	50	2	1	
47	47	1/2	1/8		1/8	1		-2	70	1	1	
47	47	9/16	1/16		1/16	1		-1	53	2	1	
47	47	5/8	1/16		1/16	1		-2	46	2	1	
47	47	5/8	1/16		1/16	1		3	69	1	1	
47	47	11/16	1/16		1/16	1		-1	53	2	1	
47	47	11/16	1/16		1/16	1		1	67	1	1	
48	48	0	3/4		1/2	3/2		-1	41	2	2	
48	48	0	3/16		1/8	3/2		0	72	1	1	
48	48	1/16	1/16		1/16	1		-1	53	2	1	
48	48	1/8	1/16		1/16	1		3	45	2	1	
48	48	3/16	1/16		1/16	1		-1	53	2	1	
48	48	3/16	1/48		1/32	2/3		2	74	1	1	
48	48	5/24	1/48		1/32	2/3		0	72	1	1	
48	48	11/48	1/48		1/32	2/3		-2	70	1	1	
48	48	1/4	1/16		1/16	1		0	48	2	1	
48	48	1/4	1/8		1/8	1		3	69	1	1	
48	48	5/16	1/16		1/16	1		-1	53	2	1	
48	48	3/8	1/16		1/16	1		2	50	2	1	
48	48	3/8	1/16		1/16	1		0	72	1	1	
48	48	7/16	1/16		1/16	1		-1	53	2	1	
48	48	7/16	1/16		1/16	1		-2	70	1	1	
48	48	1/2	1/16		1/16	1		-2	46	2	1	
48	48	1/2	1/16		1/16	1		3	69	1	1	
48	48	9/16	1/16		1/16	1		-1	53	2	1	
48	48	9/16	1/16		1/16	1		1	67	1	1	
48	48	5/8	1/16		1/16	1		0	48	2	1	
48	48	5/8	1/16		1/16	1		-1	65	1	1	
48	48	11/16	1/16		1/16	1		-1	53	2	1	
48	48	11/16	1/16		1/16	1		4	64	1	1	
49	49	0	3/4		1/2	3/2		-1	41	2	2	
49	49	0	1/4		1/4	1		3	57	1	1	
49	49	0	1/4		1/4	1		-1	65	1	1	
49	49	1/16	1/16		1/16	1		-1	53	2	1	
49	49	1/8	1/16		1/16	1		3	45	2	1	
49	49	3/16	1/16		1/16	1		-1	53	2	1	
49	49	1/4	1/16		1/16	1		0	48	2	1	
49	49	5/16	1/16		1/16	1		-1	53	2	1	
49	49	3/8	1/16		1/16	1		-3	51	2	1	
49	49	3/8	1/8		1/8	1		3	69	1	1	
49	49	7/16	1/16		1/16	1		-1	53	2	1	
49	49	1/2	0	grace16	1/16	1		0	72	1	1	
49	49	1/2	1/16		1/16	1		2	50	2	1	
49	49	1/2	1/8		1/8	1		-2	70	1	1	
49	49	9/16	1/16		1/16	1		-1	53	2	1	
49	49	5/8	1/16		1/16	1		-2	46	2	1	
49	49	5/8	1/16		1/16	1		3	69	1	1	
49	49	11/16	1/16		1/16	1		-1	53	2	1	
49	49	11/16	1/16		1/16	1		1	67	1	1	
50	50	0	3/4		1/2	3/2		-1	41	2	2	
50	50	0	3/16		1/8	3/2		0	72	1	1	
50	50	1/16	1/16		1/16	1		-1	53	2	1	
50	50	1/8	1/16		1/16	1		3	45	2	1	
50	50	3/16	1/16		1/16	1		-1	53	2	1	
50	50	3/16	1/32		1/32	1		-1	77	1	1	
50	50	7/32	1/32		1/32	1		0	72	1	1	
50	50	1/4	1/16		1/16	1		0	48	2	1	
50	50	1/4	1/8		1/8	1		3	69	1	1	
50	50	5/16	1/16		1/16	1		-1	53	2	1	
50	50	3/8	1/16		1/16	1		2	50	2	1	
50	50	3/8	1/32		1/32	1		-2	70	1	1	
50	50	13/32	1/32		1/32	1		0	72	1	1	
50	50	7/16	1/16		1/16	1		-1	53	2	1	
50	50	7/16	1/32		1/32	1		2	74	1	1	
50	50	15/32	1/32		1/32	1		-2	70	1	1	
50	50	1/2	1/16		1/16	1		-2	46	2	1	
50	50	1/2	1/32		1/32	1		1	67	1	1	
50	50	17/32	1/32		1/32	1		3	69	1	1	
50	50	9/16	1/16		1/16	1		-1	53	2	1	
50	50	9/16	1/32		1/32	1		-2	70	1	1	
50	50	19/32	1/32		1/32	1		1	67	1	1	
50	50	5/8	1/16		1/16	1		0	48	2	1	
50	50	5/8	1/32		1/32	1		4	64	1	1	
50	50	21/32	1/32		1/32	1		-1	65	1	1	
50	50	11/16	1/16		1/16	1		-1	53	2	1	
50	50	11/16	1/32		1/32	1		1	67	1	1	
50	50	23/32	1/32		1/32	1		4	64	1	1	
51	51	0	3/8		1/4	3/2		-1	41	2	1	
51	51	0	3/8		1/4	3/2		0	48	2	1	
51	51	0	3/8		1/4	3/2		-1	53	2	1	
51	51	0	1/4		1/4	1		1	55	1	1	
51	51	0	1/4		1/4	1		-2	58	1	1	
51	51	0	1/4		1/4	1		0	60	1	1	
51	51	0	1/4		1/4	1		4	64	1	1	
51	51	1/4	1/8		1/8	1		3	57	1	1	
51	51	1/4	1/8		1/8	1		0	60	1	1	
51	51	1/4	1/8		1/8	1		-1	65	1	1	
